--INSERT INTO table_name (column1, column2, column3, ...) VALUES (value1, value2, value3, ...);
Use TCG
-- Card Type
INSERT INTO CardType (CardTypeName) VALUES ('Normal');
INSERT INTO CardType (CardTypeName) VALUES ('Spell');
INSERT INTO CardType (CardTypeName) VALUES ('Trap');
INSERT INTO CardType (CardTypeName) VALUES ('Fusion');
INSERT INTO CardType (CardTypeName) VALUES ('Ritual');
INSERT INTO CardType (CardTypeName) VALUES ('Synchro');
INSERT INTO CardType (CardTypeName) VALUES ('XYZ');
INSERT INTO CardType (CardTypeName) VALUES ('Pendulum');
INSERT INTO CardType (CardTypeName) VALUES ('Link');

-- Card Origin 
INSERT INTO CardOrigin (CardOriginName) VALUES ('Aqua');
INSERT INTO CardOrigin (CardOriginName) VALUES ('Beast');
INSERT INTO CardOrigin (CardOriginName) VALUES ('Beast-Warrior');
INSERT INTO CardOrigin (CardOriginName) VALUES ('Cyberse');
INSERT INTO CardOrigin (CardOriginName) VALUES ('Divine-Beast');
INSERT INTO CardOrigin (CardOriginName) VALUES ('Dragon');
INSERT INTO CardOrigin (CardOriginName) VALUES ('Fairy');
INSERT INTO CardOrigin (CardOriginName) VALUES ('Fiend');
INSERT INTO CardOrigin (CardOriginName) VALUES ('Machine');
INSERT INTO CardOrigin (CardOriginName) VALUES ('Psychic');
INSERT INTO CardOrigin (CardOriginName) VALUES ('Rock');
INSERT INTO CardOrigin (CardOriginName) VALUES ('Spellcaster');
INSERT INTO CardOrigin (CardOriginName) VALUES ('Warrior');
INSERT INTO CardOrigin (CardOriginName) VALUES ('Winged Beast');
INSERT INTO CardOrigin (CardOriginName) VALUES ('Zombie');
INSERT INTO CardOrigin (CardOriginName) VALUES ('Insect');
INSERT INTO CardOrigin (CardOriginName) VALUES ('Wyrm');
INSERT INTO CardOrigin (CardOriginName) VALUES ('Plant');

-- Card Elements
INSERT INTO CardElement (CardElementName) VALUES ('Light');
INSERT INTO CardElement (CardElementName) VALUES ('Dark');
INSERT INTO CardElement (CardElementName) VALUES ('Wind');
INSERT INTO CardElement (CardElementName) VALUES ('Fire');
INSERT INTO CardElement (CardElementName) VALUES ('Earth');
INSERT INTO CardElement (CardElementName) VALUES ('Water');
INSERT INTO CardElement (CardElementName) VALUES ('Divine');

-- Card Rarity 
INSERT INTO CardRarity (CardRarityName) VALUES ('N');
INSERT INTO CardRarity (CardRarityName) VALUES ('R');
INSERT INTO CardRarity (CardRarityName) VALUES ('SR');
INSERT INTO CardRarity (CardRarityName) VALUES ('UR');

--Anh duoc lay tu https://ygoprodeck.com/
--Card 
INSERT INTO Card (CardName, CardImageURL, CardTypeName, CardOriginName, CardElementName, CardRarityName) VALUES ('Ash Blossom & Joyous Spring', 'https://res.cloudinary.com/dslzbnfu8/image/upload/v1697265569/samples/YuGiOhCardStorage/14558127_twgwvf.jpg', 'Normal', 'Zombie', 'Fire', 'UR');
INSERT INTO Card (CardName, CardImageURL, CardTypeName, CardOriginName, CardElementName, CardRarityName) VALUES ('Kashtira Riseheart', 'https://res.cloudinary.com/dslzbnfu8/image/upload/v1697265572/samples/YuGiOhCardStorage/31149212_hrwkbo.jpg', 'Normal', 'Warrior', 'Fire', 'UR');
INSERT INTO Card (CardName, CardImageURL, CardTypeName, CardOriginName, CardElementName, CardRarityName) VALUES ('Kashtira Fenrir', 'https://res.cloudinary.com/dslzbnfu8/image/upload/v1697265617/samples/YuGiOhCardStorage/32909498_rnv8ew.jpg', 'Normal', 'Psychic', 'Earth', 'UR');
INSERT INTO Card (CardName, CardImageURL, CardTypeName, CardOriginName, CardElementName, CardRarityName) VALUES ('Kashtira Ogre', 'https://res.cloudinary.com/dslzbnfu8/image/upload/v1697265749/samples/YuGiOhCardStorage/94392192_qyycox.jpg', 'Normal', 'Psychic', 'Water', 'R');
INSERT INTO Card (CardName, CardImageURL, CardTypeName, CardOriginName, CardElementName, CardRarityName) VALUES ('Kashtira Unicorn', 'https://res.cloudinary.com/dslzbnfu8/image/upload/v1697265780/samples/YuGiOhCardStorage/68304193_hqn2qp.jpg', 'Normal', 'Psychic', 'Wind', 'UR');
INSERT INTO Card (CardName, CardImageURL, CardTypeName, CardOriginName, CardElementName, CardRarityName) VALUES ('Scareclaw Kashtira', 'https://res.cloudinary.com/dslzbnfu8/image/upload/v1697265791/samples/YuGiOhCardStorage/78534861_jrlkmg.jpg', 'Normal', 'Psychic', 'Earth', 'SR');
INSERT INTO Card (CardName, CardImageURL, CardTypeName, CardOriginName, CardElementName, CardRarityName) VALUES ('Harpie"s Feather Duster', 'https://res.cloudinary.com/dslzbnfu8/image/upload/v1697265862/samples/YuGiOhCardStorage/18144507_oa9lfa.jpg', 'Spell', NULL, NULL, 'UR' );
INSERT INTO Card (CardName, CardImageURL, CardTypeName, CardOriginName, CardElementName, CardRarityName) VALUES ('Reinforcement of the Army', 'https://res.cloudinary.com/dslzbnfu8/image/upload/v1697269317/samples/YuGiOhCardStorage/32807846_wbhxfq.jpg', 'Spell', NULL, NULL, 'UR');
INSERT INTO Card (CardName, CardImageURL, CardTypeName, CardOriginName, CardElementName, CardRarityName) VALUES ('Pot of Desires', 'https://res.cloudinary.com/dslzbnfu8/image/upload/v1697269350/samples/YuGiOhCardStorage/35261759_oyutwu.jpg', 'Spell', NULL, NULL, 'SR');
INSERT INTO Card (CardName, CardImageURL, CardTypeName, CardOriginName, CardElementName, CardRarityName) VALUES ('Dark Ruler No More', 'https://res.cloudinary.com/dslzbnfu8/image/upload/v1697269389/samples/YuGiOhCardStorage/54693926_yj5v2q.jpg', 'Spell', NULL, NULL, 'UR');
INSERT INTO Card (CardName, CardImageURL, CardTypeName, CardOriginName, CardElementName, CardRarityName) VALUES ('Triple Tactics Talent', 'https://res.cloudinary.com/dslzbnfu8/image/upload/v1697269426/samples/YuGiOhCardStorage/25311006_sf0kxq.jpg', 'Spell', NULL, NULL, 'UR');
INSERT INTO Card (CardName, CardImageURL, CardTypeName, CardOriginName, CardElementName, CardRarityName) VALUES ('Pot of Prosperity', 'https://res.cloudinary.com/dslzbnfu8/image/upload/v1697269464/samples/YuGiOhCardStorage/84211599_ag4nul.jpg', 'Spell', NULL, NULL, 'SR');
INSERT INTO Card (CardName, CardImageURL, CardTypeName, CardOriginName, CardElementName, CardRarityName) VALUES ('Kashtiratheosis', 'https://res.cloudinary.com/dslzbnfu8/image/upload/v1697269494/samples/YuGiOhCardStorage/34447918_y2f9ns.jpg', 'Spell', NULL, NULL, 'UR');
INSERT INTO Card (CardName, CardImageURL, CardTypeName, CardOriginName, CardElementName, CardRarityName) VALUES ('Triple Tactics Thrust', 'https://res.cloudinary.com/dslzbnfu8/image/upload/v1697269535/samples/YuGiOhCardStorage/35269904_r8c0h4.jpg', 'Spell', NULL, NULL, 'UR');
INSERT INTO Card (CardName, CardImageURL, CardTypeName, CardOriginName, CardElementName, CardRarityName) VALUES ('Pressured Planet Wraitsoth', 'https://res.cloudinary.com/dslzbnfu8/image/upload/v1697269562/samples/YuGiOhCardStorage/71832012_vqvewe.jpg', 'Spell', NULL, NULL, 'UR');
INSERT INTO Card (CardName, CardImageURL, CardTypeName, CardOriginName, CardElementName, CardRarityName) VALUES ('Kashtira Birth', 'https://res.cloudinary.com/dslzbnfu8/image/upload/v1697269586/samples/YuGiOhCardStorage/69540484_b6qa1d.jpg', 'Spell', NULL, NULL, 'SR');
INSERT INTO Card (CardName, CardImageURL, CardTypeName, CardOriginName, CardElementName, CardRarityName) VALUES ('Book of Moon', 'https://res.cloudinary.com/dslzbnfu8/image/upload/v1697269611/samples/YuGiOhCardStorage/14087893_qj3q3o.jpg', 'Spell', NULL, NULL, 'R');
INSERT INTO Card (CardName, CardImageURL, CardTypeName, CardOriginName, CardElementName, CardRarityName) VALUES ('Cosmic Cyclone', 'https://res.cloudinary.com/dslzbnfu8/image/upload/v1697269631/samples/YuGiOhCardStorage/8267140_vsxu8w.jpg', 'Spell', NULL, NULL, 'SR');
INSERT INTO Card (CardName, CardImageURL, CardTypeName, CardOriginName, CardElementName, CardRarityName) VALUES ('Called by the Grave', 'https://res.cloudinary.com/dslzbnfu8/image/upload/v1697269660/samples/YuGiOhCardStorage/24224830_jmcghl.jpg', 'Spell', NULL, NULL, 'UR');
INSERT INTO Card (CardName, CardImageURL, CardTypeName, CardOriginName, CardElementName, CardRarityName) VALUES ('Infinite Impermanence', 'https://res.cloudinary.com/dslzbnfu8/image/upload/v1697269697/samples/YuGiOhCardStorage/10045474_hucfv8.jpg', 'Trap', NULL, NULL, 'UR');
INSERT INTO Card (CardName, CardImageURL, CardTypeName, CardOriginName, CardElementName, CardRarityName) VALUES ('Kashtira Big Bang', 'https://res.cloudinary.com/dslzbnfu8/image/upload/v1697269721/samples/YuGiOhCardStorage/33925864_qmxqhi.jpg', 'Trap', NULL, NULL, 'SR');
INSERT INTO Card (CardName, CardImageURL, CardTypeName, CardOriginName, CardElementName, CardRarityName) VALUES ('Number 11: Big Eye', 'https://res.cloudinary.com/dslzbnfu8/image/upload/v1697269747/samples/YuGiOhCardStorage/80117527_szb4gm.jpg', 'XYZ', 'Spellcaster', 'Dark', 'SR');
INSERT INTO Card (CardName, CardImageURL, CardTypeName, CardOriginName, CardElementName, CardRarityName) VALUES ('Number 74: Master of Blades', 'https://res.cloudinary.com/dslzbnfu8/image/upload/v1697269772/samples/YuGiOhCardStorage/16037007_z2875f.jpg', 'XYZ', 'Psychic', 'Earth', 'R');
INSERT INTO Card (CardName, CardImageURL, CardTypeName, CardOriginName, CardElementName, CardRarityName) VALUES ('Red-Eyes Flare Metal Dragon', 'https://res.cloudinary.com/dslzbnfu8/image/upload/v1697269804/samples/YuGiOhCardStorage/44405066_vjscc6.jpg', 'XYZ', 'Dragon', 'Dark', 'SR');
INSERT INTO Card (CardName, CardImageURL, CardTypeName, CardOriginName, CardElementName, CardRarityName) VALUES ('Dark Armed, the Dragon of Annihilation', 'https://res.cloudinary.com/dslzbnfu8/image/upload/v1697269831/samples/YuGiOhCardStorage/78144171_dpgom5.jpg', 'XYZ', 'Dragon', 'Dark', 'R');
INSERT INTO Card (CardName, CardImageURL, CardTypeName, CardOriginName, CardElementName, CardRarityName) VALUES ('Kashtira Shangri-Ira', 'https://res.cloudinary.com/dslzbnfu8/image/upload/v1697270283/samples/YuGiOhCardStorage/73542331_iwrena.jpg', 'XYZ', 'Psychic', 'Fire', 'SR');
INSERT INTO Card (CardName, CardImageURL, CardTypeName, CardOriginName, CardElementName, CardRarityName) VALUES ('Kashtira Arise-Heart', 'https://res.cloudinary.com/dslzbnfu8/image/upload/v1697270307/samples/YuGiOhCardStorage/48626373_q50873.jpg', 'XYZ', 'Machine', 'Dark', 'UR');
INSERT INTO Card (CardName, CardImageURL, CardTypeName, CardOriginName, CardElementName, CardRarityName) VALUES ('Divine Arsenal AA-ZEUS - Sky Thunder', 'https://res.cloudinary.com/dslzbnfu8/image/upload/v1697270331/samples/YuGiOhCardStorage/90448279_o1a16y.jpg', 'XYZ', 'Machine', 'Light', 'UR');
INSERT INTO Card (CardName, CardImageURL, CardTypeName, CardOriginName, CardElementName, CardRarityName) VALUES ('Hiita the Fire Charmer, Ablaze', 'https://res.cloudinary.com/dslzbnfu8/image/upload/v1697270367/samples/YuGiOhCardStorage/48815792_t6n1it.jpg', 'Link', 'Spellcaster', 'Fire', 'SR');
INSERT INTO Card (CardName, CardImageURL, CardTypeName, CardOriginName, CardElementName, CardRarityName) VALUES ('Wynn the Wind Charmer, Verdant', 'https://res.cloudinary.com/dslzbnfu8/image/upload/v1697270393/samples/YuGiOhCardStorage/30674956_fqyvgg.jpg', 'Link', 'Spellcaster', 'Wind', 'SR');
INSERT INTO Card (CardName, CardImageURL, CardTypeName, CardOriginName, CardElementName, CardRarityName) VALUES ('Aussa the Earth Charmer, Immovable', 'https://res.cloudinary.com/dslzbnfu8/image/upload/v1697270421/samples/YuGiOhCardStorage/97661969_higa2n.jpg', 'Link', 'Spellcaster', 'Earth', 'SR');
INSERT INTO Card (CardName, CardImageURL, CardTypeName, CardOriginName, CardElementName, CardRarityName) VALUES ('Eria the Water Charmer, Gentle', 'https://res.cloudinary.com/dslzbnfu8/image/upload/v1697270447/samples/YuGiOhCardStorage/73309655_lma2a0.jpg', 'Link', 'Spellcaster', 'Water', 'SR');
INSERT INTO Card (CardName, CardImageURL, CardTypeName, CardOriginName, CardElementName, CardRarityName) VALUES ('Dharc the Dark Charmer, Gloomy', 'https://res.cloudinary.com/dslzbnfu8/image/upload/v1697270470/samples/YuGiOhCardStorage/8264361_o7orrm.jpg', 'Link', 'Spellcaster', 'Dark', 'SR');
INSERT INTO Card (CardName, CardImageURL, CardTypeName, CardOriginName, CardElementName, CardRarityName) VALUES ('Labrynth Cooclock', 'https://res.cloudinary.com/dslzbnfu8/image/upload/v1697270504/samples/YuGiOhCardStorage/2511_up7duk.jpg', 'Normal', 'Fiend', 'Dark', 'R');
INSERT INTO Card (CardName, CardImageURL, CardTypeName, CardOriginName, CardElementName, CardRarityName) VALUES ('Maxx "C"', 'https://res.cloudinary.com/dslzbnfu8/image/upload/v1697270524/samples/YuGiOhCardStorage/23434538_zjfuft.jpg', 'Normal', 'Insect', 'Earth', 'UR');
INSERT INTO Card (CardName, CardImageURL, CardTypeName, CardOriginName, CardElementName, CardRarityName) VALUES ('Labrynth Stovie Torbie', 'https://res.cloudinary.com/dslzbnfu8/image/upload/v1697270549/samples/YuGiOhCardStorage/74018812_sgfhrx.jpg', 'Normal', 'Fiend', 'Dark', 'N');
INSERT INTO Card (CardName, CardImageURL, CardTypeName, CardOriginName, CardElementName, CardRarityName) VALUES ('Labrynth Chandraglier', 'https://res.cloudinary.com/dslzbnfu8/image/upload/v1697270575/samples/YuGiOhCardStorage/37629703_sxjqw7.jpg', 'Normal', 'Fiend', 'Dark', 'N');
INSERT INTO Card (CardName, CardImageURL, CardTypeName, CardOriginName, CardElementName, CardRarityName) VALUES ('Arianna the Labrynth Servant', 'https://res.cloudinary.com/dslzbnfu8/image/upload/v1697270622/samples/YuGiOhCardStorage/1225009_phloha.jpg', 'Normal', 'Fiend', 'Dark', 'SR');
INSERT INTO Card (CardName, CardImageURL, CardTypeName, CardOriginName, CardElementName, CardRarityName) VALUES ('Lovely Labrynth of the Silver Castle', 'https://res.cloudinary.com/dslzbnfu8/image/upload/v1697270650/samples/YuGiOhCardStorage/2347656_llmcya.jpg', 'Normal', 'Fiend', 'Dark', 'UR');
INSERT INTO Card (CardName, CardImageURL, CardTypeName, CardOriginName, CardElementName, CardRarityName) VALUES ('Lady Labrynth of the Silver Castle', 'https://res.cloudinary.com/dslzbnfu8/image/upload/v1697270674/samples/YuGiOhCardStorage/81497285_zmryku.jpg', 'Normal', 'Fiend', 'Dark', 'UR');
INSERT INTO Card (CardName, CardImageURL, CardTypeName, CardOriginName, CardElementName, CardRarityName) VALUES ('Nibiru, the Primal Being', 'https://res.cloudinary.com/dslzbnfu8/image/upload/v1697270707/samples/YuGiOhCardStorage/27204311_yiutqp.jpg', 'Normal', 'Rock', 'Light', 'UR');
INSERT INTO Card (CardName, CardImageURL, CardTypeName, CardOriginName, CardElementName, CardRarityName) VALUES ('Pot of Extravagance', 'https://res.cloudinary.com/dslzbnfu8/image/upload/v1697270758/samples/YuGiOhCardStorage/49238328_aha9wj.jpg', 'Spell', NULL, NULL, 'SR');
INSERT INTO Card (CardName, CardImageURL, CardTypeName, CardOriginName, CardElementName, CardRarityName) VALUES ('Labrynth Labyrinth', 'https://res.cloudinary.com/dslzbnfu8/image/upload/v1697270781/samples/YuGiOhCardStorage/33407125_ootyag.jpg', 'Spell', NULL, NULL, 'SR');
INSERT INTO Card (CardName, CardImageURL, CardTypeName, CardOriginName, CardElementName, CardRarityName) VALUES ('Dimensional Barrier', 'https://res.cloudinary.com/dslzbnfu8/image/upload/v1697270808/samples/YuGiOhCardStorage/83326048_c5mzhj.jpg', 'Trap', NULL, NULL, 'SR');
INSERT INTO Card (CardName, CardImageURL, CardTypeName, CardOriginName, CardElementName, CardRarityName) VALUES ('Welcome Labrynth', 'https://res.cloudinary.com/dslzbnfu8/image/upload/v1697270843/samples/YuGiOhCardStorage/5380979_ilt8w9.jpg', 'Trap', NULL, NULL, 'UR');
INSERT INTO Card (CardName, CardImageURL, CardTypeName, CardOriginName, CardElementName, CardRarityName) VALUES ('Terrors of the Overroot', 'https://res.cloudinary.com/dslzbnfu8/image/upload/v1697270936/samples/YuGiOhCardStorage/63086455_obrryd.jpg', 'Trap', NULL, NULL, 'UR');
INSERT INTO Card (CardName, CardImageURL, CardTypeName, CardOriginName, CardElementName, CardRarityName) VALUES ('Big Welcome Labrynth', 'https://res.cloudinary.com/dslzbnfu8/image/upload/v1697270866/samples/YuGiOhCardStorage/92714517_gylxef.jpg', 'Trap', NULL, NULL, 'UR');
INSERT INTO Card (CardName, CardImageURL, CardTypeName, CardOriginName, CardElementName, CardRarityName) VALUES ('Destructive Daruma Karma Cannon', 'https://res.cloudinary.com/dslzbnfu8/image/upload/v1697271053/samples/YuGiOhCardStorage/30748475_vbrlju.jpg', 'Trap', NULL, NULL, 'UR');
INSERT INTO Card (CardName, CardImageURL, CardTypeName, CardOriginName, CardElementName, CardRarityName) VALUES ('Skill Drain', 'https://res.cloudinary.com/dslzbnfu8/image/upload/v1697271082/samples/YuGiOhCardStorage/82732705_g2wbib.jpg', 'Trap', NULL, NULL, 'SR');
INSERT INTO Card (CardName, CardImageURL, CardTypeName, CardOriginName, CardElementName, CardRarityName) VALUES ('Effect Veiler', 'https://res.cloudinary.com/dslzbnfu8/image/upload/v1697271101/samples/YuGiOhCardStorage/97268402_dtlnpw.jpg', 'Normal', 'Spellcaster', 'Light', 'UR');
INSERT INTO Card (CardName, CardImageURL, CardTypeName, CardOriginName, CardElementName, CardRarityName) VALUES ('Black Metal Dragon', 'https://res.cloudinary.com/dslzbnfu8/image/upload/v1697271128/samples/YuGiOhCardStorage/93969023_a9fjcb.jpg', 'Normal', 'Dragon', 'Dark', 'UR');
INSERT INTO Card (CardName, CardImageURL, CardTypeName, CardOriginName, CardElementName, CardRarityName) VALUES ('PSY-Framegear Gamma', 'https://res.cloudinary.com/dslzbnfu8/image/upload/v1697271406/samples/YuGiOhCardStorage/38814750_jiua78.jpg', 'Normal', 'Psychic', 'Light', 'SR');
INSERT INTO Card (CardName, CardImageURL, CardTypeName, CardOriginName, CardElementName, CardRarityName) VALUES ('PSY-Frame Driver', 'https://res.cloudinary.com/dslzbnfu8/image/upload/v1697271471/samples/YuGiOhCardStorage/49036338_u5qv6g.jpg', 'Normal', 'Psychic', 'Light', 'N');
INSERT INTO Card (CardName, CardImageURL, CardTypeName, CardOriginName, CardElementName, CardRarityName) VALUES ('White Dragon Wyverburster', 'https://res.cloudinary.com/dslzbnfu8/image/upload/v1697271521/samples/YuGiOhCardStorage/99234526_zz0qu5.jpg', 'Normal', 'Dragon', 'Light', 'SR');
INSERT INTO Card (CardName, CardImageURL, CardTypeName, CardOriginName, CardElementName, CardRarityName) VALUES ('Black Dragon Collapserpent', 'https://res.cloudinary.com/dslzbnfu8/image/upload/v1697271525/samples/YuGiOhCardStorage/61901281_fqxpm9.jpg', 'Normal', 'Dragon', 'Dark', 'SR');
INSERT INTO Card (CardName, CardImageURL, CardTypeName, CardOriginName, CardElementName, CardRarityName) VALUES ('Rokket Recharger', 'https://res.cloudinary.com/dslzbnfu8/image/upload/v1697271553/samples/YuGiOhCardStorage/5969957_bg4fpq.jpg', 'Normal', 'Dragon', 'Dark', 'N');
INSERT INTO Card (CardName, CardImageURL, CardTypeName, CardOriginName, CardElementName, CardRarityName) VALUES ('Rokket Tracer', 'https://res.cloudinary.com/dslzbnfu8/image/upload/v1697271585/samples/YuGiOhCardStorage/68464358_gr4dga.jpg', 'Normal', 'Dragon', 'Dark', 'SR');
INSERT INTO Card (CardName, CardImageURL, CardTypeName, CardOriginName, CardElementName, CardRarityName) VALUES ('Rokket Synchron', 'https://res.cloudinary.com/dslzbnfu8/image/upload/v1697271629/samples/YuGiOhCardStorage/48355999_h0366g.jpg', 'Normal', 'Dragon', 'Dark', 'SR');
INSERT INTO Card (CardName, CardImageURL, CardTypeName, CardOriginName, CardElementName, CardRarityName) VALUES ('Starliege Seyfert', 'https://res.cloudinary.com/dslzbnfu8/image/upload/v1697271690/samples/YuGiOhCardStorage/15381421_ucgypv.jpg', 'Normal', 'Dragon', 'Light', 'SR');
INSERT INTO Card (CardName, CardImageURL, CardTypeName, CardOriginName, CardElementName, CardRarityName) VALUES ('Red-Eyes Black Meteor Dragon', 'https://res.cloudinary.com/dslzbnfu8/image/upload/v1697271251/samples/YuGiOhCardStorage/27657173_rkudja.jpg', 'Normal', 'Dragon', 'Dark', 'SR');
INSERT INTO Card (CardName, CardImageURL, CardTypeName, CardOriginName, CardElementName, CardRarityName) VALUES ('Bystial Druiswurm', 'https://res.cloudinary.com/dslzbnfu8/image/upload/v1697272066/samples/YuGiOhCardStorage/6637331_ckbqgc.jpg', 'Normal', 'Dragon', 'Dark', 'SR');
INSERT INTO Card (CardName, CardImageURL, CardTypeName, CardOriginName, CardElementName, CardRarityName) VALUES ('Bystial Baldrake', 'https://res.cloudinary.com/dslzbnfu8/image/upload/v1697272107/samples/YuGiOhCardStorage/72656408_sft6oe.jpg', 'Normal', 'Dragon', 'Dark', 'SR');
INSERT INTO Card (CardName, CardImageURL, CardTypeName, CardOriginName, CardElementName, CardRarityName) VALUES ('Bystial Saronir', 'https://res.cloudinary.com/dslzbnfu8/image/upload/v1697272132/samples/YuGiOhCardStorage/60242223_tqw7vf.jpg', 'Normal', 'Dragon', 'Dark', 'SR');
INSERT INTO Card (CardName, CardImageURL, CardTypeName, CardOriginName, CardElementName, CardRarityName) VALUES ('Bystial Magnamhut', 'https://res.cloudinary.com/dslzbnfu8/image/upload/v1697272250/samples/YuGiOhCardStorage/33854624_sblw8o.jpg', 'Normal', 'Dragon', 'Dark', 'SR');
INSERT INTO Card (CardName, CardImageURL, CardTypeName, CardOriginName, CardElementName, CardRarityName) VALUES ('Absorouter Dragon', 'https://res.cloudinary.com/dslzbnfu8/image/upload/v1697272392/samples/YuGiOhCardStorage/67748760_tjm2bo.jpg', 'Normal', 'Dragon', 'Dark', 'SR');
INSERT INTO Card (CardName, CardImageURL, CardTypeName, CardOriginName, CardElementName, CardRarityName) VALUES ('Chaos Dragon Levianeer', 'https://res.cloudinary.com/dslzbnfu8/image/upload/v1697272419/samples/YuGiOhCardStorage/55878038_w4lfsu.jpg', 'Normal', 'Dragon', 'Dark', 'UR');
INSERT INTO Card (CardName, CardImageURL, CardTypeName, CardOriginName, CardElementName, CardRarityName) VALUES ('Red-Eyes Darkness Metal Dragon', 'https://res.cloudinary.com/dslzbnfu8/image/upload/v1697272475/samples/YuGiOhCardStorage/88264978_t2nmlh.jpg', 'Normal', 'Dragon', 'Dark', 'UR');
INSERT INTO Card (CardName, CardImageURL, CardTypeName, CardOriginName, CardElementName, CardRarityName) VALUES ('The Bystial Lubellion', 'https://res.cloudinary.com/dslzbnfu8/image/upload/v1697272502/samples/YuGiOhCardStorage/32731036_nnmuhl.jpg', 'Normal', 'Dragon', 'Light', 'UR');
INSERT INTO Card (CardName, CardImageURL, CardTypeName, CardOriginName, CardElementName, CardRarityName) VALUES ('Chaos Space', 'https://res.cloudinary.com/dslzbnfu8/image/upload/v1697272529/samples/YuGiOhCardStorage/99266988_z2q1kz.jpg', 'Spell', NULL, NULL, 'SR');
INSERT INTO Card (CardName, CardImageURL, CardTypeName, CardOriginName, CardElementName, CardRarityName) VALUES ('Branded Regained', 'https://res.cloudinary.com/dslzbnfu8/image/upload/v1697272555/samples/YuGiOhCardStorage/34090915_pzpyft.jpg', 'Spell', NULL, NULL, 'SR');
INSERT INTO Card (CardName, CardImageURL, CardTypeName, CardOriginName, CardElementName, CardRarityName) VALUES ('Boot Sector Launch', 'https://res.cloudinary.com/dslzbnfu8/image/upload/v1697272585/samples/YuGiOhCardStorage/36668118_msnitn.jpg', 'Spell', NULL, NULL, 'SR');
INSERT INTO Card (CardName, CardImageURL, CardTypeName, CardOriginName, CardElementName, CardRarityName) VALUES ('Dragon Ravine', 'https://res.cloudinary.com/dslzbnfu8/image/upload/v1697272617/samples/YuGiOhCardStorage/62265044_akxj7e.jpg', 'Spell', NULL, NULL, 'UR');
INSERT INTO Card (CardName, CardImageURL, CardTypeName, CardOriginName, CardElementName, CardRarityName) VALUES ('Quick Launch', 'https://res.cloudinary.com/dslzbnfu8/image/upload/v1697272648/samples/YuGiOhCardStorage/31443476_xv6web.jpg', 'Spell', NULL, NULL, 'SR');
INSERT INTO Card (CardName, CardImageURL, CardTypeName, CardOriginName, CardElementName, CardRarityName) VALUES ('Branded Beast', 'https://res.cloudinary.com/dslzbnfu8/image/upload/v1697272682/samples/YuGiOhCardStorage/32756828_tdil6f.jpg', 'Trap', NULL, NULL, 'R');
INSERT INTO Card (CardName, CardImageURL, CardTypeName, CardOriginName, CardElementName, CardRarityName) VALUES ('Borreload Savage Dragon', 'https://res.cloudinary.com/dslzbnfu8/image/upload/v1697272711/samples/YuGiOhCardStorage/27548199_uljtcu.jpg', 'Synchro', 'Dragon', 'Dark', 'UR');
INSERT INTO Card (CardName, CardImageURL, CardTypeName, CardOriginName, CardElementName, CardRarityName) VALUES ('Chaos Ruler, the Chaotic Magical Dragon', '', 'Synchro', 'Dragon', 'Dark', 'UR');
INSERT INTO Card (CardName, CardImageURL, CardTypeName, CardOriginName, CardElementName, CardRarityName) VALUES ('Hot Red Dragon Archfiend Abyss', '', 'Synchro', 'Dragon', 'Dark', 'UR');
INSERT INTO Card (CardName, CardImageURL, CardTypeName, CardOriginName, CardElementName, CardRarityName) VALUES ('Chaos Angel', '', 'Synchro', 'Fiend', 'Dark', 'UR');
INSERT INTO Card (CardName, CardImageURL, CardTypeName, CardOriginName, CardElementName, CardRarityName) VALUES ('Baronne de Fleur', '', 'Synchro', 'Warrior', 'Wind', 'UR');
INSERT INTO Card (CardName, CardImageURL, CardTypeName, CardOriginName, CardElementName, CardRarityName) VALUES ('Guardragon Pisty', '', 'Link', 'Dragon', 'Dark', 'R');
INSERT INTO Card (CardName, CardImageURL, CardTypeName, CardOriginName, CardElementName, CardRarityName) VALUES ('Striker Dragon', '', 'Link', 'Dragon', 'Dark', 'SR');
INSERT INTO Card (CardName, CardImageURL, CardTypeName, CardOriginName, CardElementName, CardRarityName) VALUES ('Hieratic Seal of the Heavenly Spheres', '', 'Link', 'Dragon', 'Light', 'UR');
INSERT INTO Card (CardName, CardImageURL, CardTypeName, CardOriginName, CardElementName, CardRarityName) VALUES ('Dragunity Knight - Romulus', '', 'Link', 'Dragon', 'Wind', 'R');
INSERT INTO Card (CardName, CardImageURL, CardTypeName, CardOriginName, CardElementName, CardRarityName) VALUES ('I:P Masquerena', '', 'Link', 'Cyberse', 'Dark', 'UR');
INSERT INTO Card (CardName, CardImageURL, CardTypeName, CardOriginName, CardElementName, CardRarityName) VALUES ('Triple Burst Dragon', '', 'Link', 'Dragon', 'Dark', 'R');
INSERT INTO Card (CardName, CardImageURL, CardTypeName, CardOriginName, CardElementName, CardRarityName) VALUES ('Knightmare Unicorn', '', 'Link', 'Fiend', 'Dark', 'UR');
INSERT INTO Card (CardName, CardImageURL, CardTypeName, CardOriginName, CardElementName, CardRarityName) VALUES ('Borrelend Dragon', '', 'Link', 'Dragon', 'Dark', 'UR');
INSERT INTO Card (CardName, CardImageURL, CardTypeName, CardOriginName, CardElementName, CardRarityName) VALUES ('Despian Tragedy', '', 'Normal', 'Fairy', 'Dark', 'N');
INSERT INTO Card (CardName, CardImageURL, CardTypeName, CardOriginName, CardElementName, CardRarityName) VALUES ('Fallen of Albaz', '', 'Normal', 'Dragon', 'Dark', 'SR');
INSERT INTO Card (CardName, CardImageURL, CardTypeName, CardOriginName, CardElementName, CardRarityName) VALUES ('Aluber the Jester of Despia', '', 'Normal', 'Dragon', 'Dark', 'SR');
INSERT INTO Card (CardName, CardImageURL, CardTypeName, CardOriginName, CardElementName, CardRarityName) VALUES ('Springans Kitt', '', 'Normal', 'Beast', 'Dark', 'R');
INSERT INTO Card (CardName, CardImageURL, CardTypeName, CardOriginName, CardElementName, CardRarityName) VALUES ('Tri-Brigade Mercourier', '', 'Normal', 'Winged Beast', 'Dark', 'UR');
INSERT INTO Card (CardName, CardImageURL, CardTypeName, CardOriginName, CardElementName, CardRarityName) VALUES ('Blazing Cartesia, the Virtuous', '', 'Normal', 'Spellcaster', 'Light', 'UR');
INSERT INTO Card (CardName, CardImageURL, CardTypeName, CardOriginName, CardElementName, CardRarityName) VALUES ('Albion the Shrouded Dragon', '', 'Normal', 'Dragon', 'Dark', 'R');
INSERT INTO Card (CardName, CardImageURL, CardTypeName, CardOriginName, CardElementName, CardRarityName) VALUES ('Fusion Deployment', '', 'Spell', NULL, NULL, 'UR');
INSERT INTO Card (CardName, CardImageURL, CardTypeName, CardOriginName, CardElementName, CardRarityName) VALUES ('Branded in White', '', 'Spell', NULL, NULL, 'SR');
INSERT INTO Card (CardName, CardImageURL, CardTypeName, CardOriginName, CardElementName, CardRarityName) VALUES ('Branded in Red', '', 'Spell', NULL, NULL, 'R');
INSERT INTO Card (CardName, CardImageURL, CardTypeName, CardOriginName, CardElementName, CardRarityName) VALUES ('Branded Fusion', '', 'Spell', NULL, NULL, 'UR');
INSERT INTO Card (CardName, CardImageURL, CardTypeName, CardOriginName, CardElementName, CardRarityName) VALUES ('Foolish Burial', '', 'Spell', NULL, NULL, 'UR');
INSERT INTO Card (CardName, CardImageURL, CardTypeName, CardOriginName, CardElementName, CardRarityName) VALUES ('Branded Lost', '', 'Spell', NULL, NULL, 'UR');
INSERT INTO Card (CardName, CardImageURL, CardTypeName, CardOriginName, CardElementName, CardRarityName) VALUES ('Super Polymerization', '', 'Spell', NULL, NULL, 'UR');
INSERT INTO Card (CardName, CardImageURL, CardTypeName, CardOriginName, CardElementName, CardRarityName) VALUES ('Branded Opening', '', 'Spell', NULL, NULL, 'N');
INSERT INTO Card (CardName, CardImageURL, CardTypeName, CardOriginName, CardElementName, CardRarityName) VALUES ('Branded Banishment', '', 'Trap', NULL, NULL, 'SR');
INSERT INTO Card (CardName, CardImageURL, CardTypeName, CardOriginName, CardElementName, CardRarityName) VALUES ('Branded Retribution', '', 'Trap', NULL, NULL, 'R');
INSERT INTO Card (CardName, CardImageURL, CardTypeName, CardOriginName, CardElementName, CardRarityName) VALUES ('Guardian Chimera', '', 'Fusion', 'Beast', 'Dark', 'UR');
INSERT INTO Card (CardName, CardImageURL, CardTypeName, CardOriginName, CardElementName, CardRarityName) VALUES ('Brigrand the Glory Dragon', '', 'Fusion', 'Beast', 'Dark', 'R');
INSERT INTO Card (CardName, CardImageURL, CardTypeName, CardOriginName, CardElementName, CardRarityName) VALUES ('Sprind the Irondash Dragon', '', 'Fusion', 'Machine', 'Dark', 'R');
INSERT INTO Card (CardName, CardImageURL, CardTypeName, CardOriginName, CardElementName, CardRarityName) VALUES ('Albion the Branded Dragon', '', 'Fusion', 'Dragon', 'Dark', 'UR');
INSERT INTO Card (CardName, CardImageURL, CardTypeName, CardOriginName, CardElementName, CardRarityName) VALUES ('Masquerade the Blazing Dragon', '', 'Fusion', 'Fiend', 'Dark', 'UR');
INSERT INTO Card (CardName, CardImageURL, CardTypeName, CardOriginName, CardElementName, CardRarityName) VALUES ('Mirrorjade the Iceblade Dragon', '', 'Fusion', 'Wyrm', 'Dark', 'UR');
INSERT INTO Card (CardName, CardImageURL, CardTypeName, CardOriginName, CardElementName, CardRarityName) VALUES ('Lubellion the Searing Dragon', '', 'Fusion', 'Dragon', 'Light', 'UR');
INSERT INTO Card (CardName, CardImageURL, CardTypeName, CardOriginName, CardElementName, CardRarityName) VALUES ('Granguignol the Dusk Dragon', '', 'Fusion', 'Spellcaster', 'Light', 'UR');
INSERT INTO Card (CardName, CardImageURL, CardTypeName, CardOriginName, CardElementName, CardRarityName) VALUES ('Rindbrumm the Striking Dragon', '', 'Fusion', 'Winged Beast', 'Dark', 'UR');
INSERT INTO Card (CardName, CardImageURL, CardTypeName, CardOriginName, CardElementName, CardRarityName) VALUES ('Despian Proskenion', '', 'Fusion', 'Fiend', 'Light', 'R');
INSERT INTO Card (CardName, CardImageURL, CardTypeName, CardOriginName, CardElementName, CardRarityName) VALUES ('Dark Magician', '', 'Normal', 'Spellcaster', 'Dark', 'UR');
INSERT INTO Card (CardName, CardImageURL, CardTypeName, CardOriginName, CardElementName, CardRarityName) VALUES ('Magician''s Souls', '', 'Normal', 'Spellcaster', 'Dark', 'UR');
INSERT INTO Card (CardName, CardImageURL, CardTypeName, CardOriginName, CardElementName, CardRarityName) VALUES ('Magician''s Rod', '', 'Normal', 'Spellcaster', 'Dark', 'R');
INSERT INTO Card (CardName, CardImageURL, CardTypeName, CardOriginName, CardElementName, CardRarityName) VALUES ('Timaeus the United Dragon', '', 'Normal', 'Dragon', 'Light', 'SR');
INSERT INTO Card (CardName, CardImageURL, CardTypeName, CardOriginName, CardElementName, CardRarityName) VALUES ('Illusion of Chaos', '', 'Ritual', 'Spellcaster', 'Dark', 'UR');
INSERT INTO Card (CardName, CardImageURL, CardTypeName, CardOriginName, CardElementName, CardRarityName) VALUES ('Allure of Darkness', '', 'Spell', NULL, NULL, 'SR');
INSERT INTO Card (CardName, CardImageURL, CardTypeName, CardOriginName, CardElementName, CardRarityName) VALUES ('Preparation of Rites', '', 'Spell', NULL, NULL, 'SR');
INSERT INTO Card (CardName, CardImageURL, CardTypeName, CardOriginName, CardElementName, CardRarityName) VALUES ('Magician''s Salvation', '', 'Spell', NULL, NULL, 'SR');
INSERT INTO Card (CardName, CardImageURL, CardTypeName, CardOriginName, CardElementName, CardRarityName) VALUES ('Dark Magical Circle', '', 'Spell', NULL, NULL, 'SR');
INSERT INTO Card (CardName, CardImageURL, CardTypeName, CardOriginName, CardElementName, CardRarityName) VALUES ('Secrets of Dark Magic', '', 'Spell', NULL, NULL, 'N');
INSERT INTO Card (CardName, CardImageURL, CardTypeName, CardOriginName, CardElementName, CardRarityName) VALUES ('Soul Servant', '', 'Spell', NULL, NULL, 'UR');
INSERT INTO Card (CardName, CardImageURL, CardTypeName, CardOriginName, CardElementName, CardRarityName) VALUES ('Eternal Soul', '', 'Trap', NULL, NULL, 'R');
INSERT INTO Card (CardName, CardImageURL, CardTypeName, CardOriginName, CardElementName, CardRarityName) VALUES ('Predaplant Dragostapelia', '', 'Fusion', 'Plant', 'Dark', 'SR');
INSERT INTO Card (CardName, CardImageURL, CardTypeName, CardOriginName, CardElementName, CardRarityName) VALUES ('Dark Magician the Dragon Knight', '', 'Fusion', 'Dragon', 'Dark', 'SR');
INSERT INTO Card (CardName, CardImageURL, CardTypeName, CardOriginName, CardElementName, CardRarityName) VALUES ('Dark Cavalry', '', 'Fusion', 'Spellcaster', 'Dark', 'SR');
INSERT INTO Card (CardName, CardImageURL, CardTypeName, CardOriginName, CardElementName, CardRarityName) VALUES ('The Dark Magicians', '', 'Fusion', 'Spellcaster', 'Dark', 'UR');
INSERT INTO Card (CardName, CardImageURL, CardTypeName, CardOriginName, CardElementName, CardRarityName) VALUES ('Master of Chaos', '', 'Fusion', 'Spellcaster', 'Dark', 'UR');
INSERT INTO Card (CardName, CardImageURL, CardTypeName, CardOriginName, CardElementName, CardRarityName) VALUES ('Predaplant Triphyoverutum', '', 'Fusion', 'Plant', 'Dark', 'SR');
INSERT INTO Card (CardName, CardImageURL, CardTypeName, CardOriginName, CardElementName, CardRarityName) VALUES ('Dark Magician Girl', '', 'Normal', 'Spellcaster', 'Dark', 'SR');
INSERT INTO Card (CardName, CardImageURL, CardTypeName, CardOriginName, CardElementName, CardRarityName) VALUES ('Blue-Eyes White Dragon', '', 'Normal', 'Dragon', 'Light', 'UR');
INSERT INTO Card (CardName, CardImageURL, CardTypeName, CardOriginName, CardElementName, CardRarityName) VALUES ('Deep-Eyes White Dragon', '', 'Normal', 'Dragon', 'Light', 'SR');
INSERT INTO Card (CardName, CardImageURL, CardTypeName, CardOriginName, CardElementName, CardRarityName) VALUES ('Blue-Eyes Alternative White Dragon', '', 'Normal', 'Dragon', 'Light', 'UR');
INSERT INTO Card (CardName, CardImageURL, CardTypeName, CardOriginName, CardElementName, CardRarityName) VALUES ('Blue-Eyes Abyss Dragon', '', 'Normal', 'Dragon', 'Light', 'UR');
INSERT INTO Card (CardName, CardImageURL, CardTypeName, CardOriginName, CardElementName, CardRarityName) VALUES ('Dragon Spirit of White', '', 'Normal', 'Dragon', 'Light', 'SR');
INSERT INTO Card (CardName, CardImageURL, CardTypeName, CardOriginName, CardElementName, CardRarityName) VALUES ('The White Stone of Ancients', '', 'Normal', 'Dragon', 'Light', 'SR');
INSERT INTO Card (CardName, CardImageURL, CardTypeName, CardOriginName, CardElementName, CardRarityName) VALUES ('The White Stone of Legend', '', 'Normal', 'Dragon', 'Light', 'R');
INSERT INTO Card (CardName, CardImageURL, CardTypeName, CardOriginName, CardElementName, CardRarityName) VALUES ('Sage with Eyes of Blue', '', 'Normal', 'Spellcaster', 'Light', 'SR');
INSERT INTO Card (CardName, CardImageURL, CardTypeName, CardOriginName, CardElementName, CardRarityName) VALUES ('Return of the Dragon Lords', '', 'Spell', NULL, NULL, 'SR');
INSERT INTO Card (CardName, CardImageURL, CardTypeName, CardOriginName, CardElementName, CardRarityName) VALUES ('Polymerization', '', 'Spell', NULL, NULL, 'N');
INSERT INTO Card (CardName, CardImageURL, CardTypeName, CardOriginName, CardElementName, CardRarityName) VALUES ('Trade-In', '', 'Spell', NULL, NULL, 'UR');
INSERT INTO Card (CardName, CardImageURL, CardTypeName, CardOriginName, CardElementName, CardRarityName) VALUES ('Cards of Consonance', '', 'Spell', NULL, NULL, 'SR');
INSERT INTO Card (CardName, CardImageURL, CardTypeName, CardOriginName, CardElementName, CardRarityName) VALUES ('Dragon Shrine', '', 'Spell', NULL, NULL, 'SR');
INSERT INTO Card (CardName, CardImageURL, CardTypeName, CardOriginName, CardElementName, CardRarityName) VALUES ('The Melody of Awakening Dragon', '', 'Spell', NULL, NULL, 'UR');
INSERT INTO Card (CardName, CardImageURL, CardTypeName, CardOriginName, CardElementName, CardRarityName) VALUES ('Mystical Space Typhoon', '', 'Spell', NULL, NULL, 'R');
INSERT INTO Card (CardName, CardImageURL, CardTypeName, CardOriginName, CardElementName, CardRarityName) VALUES ('Silver''s Cry', '', 'Spell', NULL, NULL, 'SR');
INSERT INTO Card (CardName, CardImageURL, CardTypeName, CardOriginName, CardElementName, CardRarityName) VALUES ('Blue-Eyes Alternative Ultimate Dragon', '', 'Fusion', 'Dragon', 'Light', 'UR');
INSERT INTO Card (CardName, CardImageURL, CardTypeName, CardOriginName, CardElementName, CardRarityName) VALUES ('Neo Blue-Eyes Ultimate Dragon', '', 'Fusion', 'Dragon', 'Light', 'SR');
INSERT INTO Card (CardName, CardImageURL, CardTypeName, CardOriginName, CardElementName, CardRarityName) VALUES ('Blue-Eyes Twin Burst Dragon', '', 'Fusion', 'Dragon', 'Light', 'SR');
INSERT INTO Card (CardName, CardImageURL, CardTypeName, CardOriginName, CardElementName, CardRarityName) VALUES ('Azure-Eyes Silver Dragon', '', 'Synchro', 'Dragon', 'Light', 'SR');
INSERT INTO Card (CardName, CardImageURL, CardTypeName, CardOriginName, CardElementName, CardRarityName) VALUES ('Blue-Eyes Spirit Dragon', '', 'Synchro', 'Dragon', 'Light', 'UR');
INSERT INTO Card (CardName, CardImageURL, CardTypeName, CardOriginName, CardElementName, CardRarityName) VALUES ('Shooting Riser Dragon', '', 'Synchro', 'Dragon', 'Light', 'SR');
INSERT INTO Card (CardName, CardImageURL, CardTypeName, CardOriginName, CardElementName, CardRarityName) VALUES ('Galaxy-Eyes Cipher Blade Dragon', '', 'XYZ', 'Dragon', 'Light', 'UR');
INSERT INTO Card (CardName, CardImageURL, CardTypeName, CardOriginName, CardElementName, CardRarityName) VALUES ('Galaxy-Eyes Full Armor Photon Dragon', '', 'XYZ', 'Dragon', 'Light', 'UR');
INSERT INTO Card (CardName, CardImageURL, CardTypeName, CardOriginName, CardElementName, CardRarityName) VALUES ('Galaxy-Eyes Cipher Dragon', '', 'XYZ', 'Dragon', 'Light', 'SR');
INSERT INTO Card (CardName, CardImageURL, CardTypeName, CardOriginName, CardElementName, CardRarityName) VALUES ('Number 38: Hope Harbinger Dragon Titanic Galaxy', '', 'XYZ', 'Dragon', 'Light', 'UR');
INSERT INTO Card (CardName, CardImageURL, CardTypeName, CardOriginName, CardElementName, CardRarityName) VALUES ('Linkuriboh', '', 'Link', 'Cyberse', 'Dark', 'UR');
INSERT INTO Card (CardName, CardImageURL, CardTypeName, CardOriginName, CardElementName, CardRarityName) VALUES ('Tearlaments Havnis', '', 'Normal', 'Aqua', 'Dark', 'N');
INSERT INTO Card (CardName, CardImageURL, CardTypeName, CardOriginName, CardElementName, CardRarityName) VALUES ('Fairy Tail - Snow', '', 'Normal', 'Spellcaster', 'Light', 'UR');
INSERT INTO Card (CardName, CardImageURL, CardTypeName, CardOriginName, CardElementName, CardRarityName) VALUES ('Tearlaments Reinoheart', '', 'Normal', 'Warrior', 'Water', 'UR');
INSERT INTO Card (CardName, CardImageURL, CardTypeName, CardOriginName, CardElementName, CardRarityName) VALUES ('Tearlaments Scheiren', '', 'Normal', 'Aqua', 'Dark', 'UR');
INSERT INTO Card (CardName, CardImageURL, CardTypeName, CardOriginName, CardElementName, CardRarityName) VALUES ('Keldo the Sacred Protector', '', 'Normal', 'Fairy', 'Earth', 'UR');
INSERT INTO Card (CardName, CardImageURL, CardTypeName, CardOriginName, CardElementName, CardRarityName) VALUES ('Tearlaments Merrli', '', 'Normal', 'Aqua', 'Dark', 'N');
INSERT INTO Card (CardName, CardImageURL, CardTypeName, CardOriginName, CardElementName, CardRarityName) VALUES ('Tearlaments Kashtira', '', 'Normal', 'Psychic', 'Water', 'SR');
INSERT INTO Card (CardName, CardImageURL, CardTypeName, CardOriginName, CardElementName, CardRarityName) VALUES ('Primeval Planet Perlereino', '', 'Spell', NULL, NULL, 'UR');
INSERT INTO Card (CardName, CardImageURL, CardTypeName, CardOriginName, CardElementName, CardRarityName) VALUES ('Tearlaments Scream', '', 'Spell', NULL, NULL, 'UR');
INSERT INTO Card (CardName, CardImageURL, CardTypeName, CardOriginName, CardElementName, CardRarityName) VALUES ('Tearlaments Heartbeat', '', 'Spell', NULL, NULL, 'R');
INSERT INTO Card (CardName, CardImageURL, CardTypeName, CardOriginName, CardElementName, CardRarityName) VALUES ('Tearlaments Sulliek', '', 'Trap', NULL, NULL, 'R');
INSERT INTO Card (CardName, CardImageURL, CardTypeName, CardOriginName, CardElementName, CardRarityName) VALUES ('Tearlaments Cryme', '', 'Trap', NULL, NULL, 'N');
INSERT INTO Card (CardName, CardImageURL, CardTypeName, CardOriginName, CardElementName, CardRarityName) VALUES ('Crossout Designator', '', 'Spell', NULL, NULL, 'UR');
INSERT INTO Card (CardName, CardImageURL, CardTypeName, CardOriginName, CardElementName, CardRarityName) VALUES ('Tearlaments Metanoise', '', 'Trap', NULL, NULL, 'N');
INSERT INTO Card (CardName, CardImageURL, CardTypeName, CardOriginName, CardElementName, CardRarityName) VALUES ('Tearlaments Grief', '', 'Spell', NULL, NULL, 'R');
INSERT INTO Card (CardName, CardImageURL, CardTypeName, CardOriginName, CardElementName, CardRarityName) VALUES ('Tearlaments Perlegia', '', 'Spell', NULL, NULL, 'N');
INSERT INTO Card (CardName, CardImageURL, CardTypeName, CardOriginName, CardElementName, CardRarityName) VALUES ('Tearlaments Kitkallos', '', 'Fusion', 'Aqua', 'Dark', 'SR');
INSERT INTO Card (CardName, CardImageURL, CardTypeName, CardOriginName, CardElementName, CardRarityName) VALUES ('Tearlaments Rulkallos', '', 'Fusion', 'Aqua', 'Water', 'UR');
INSERT INTO Card (CardName, CardImageURL, CardTypeName, CardOriginName, CardElementName, CardRarityName) VALUES ('Tearlaments Kaleido-Heart', '', 'Fusion', 'Fiend', 'Dark', 'UR');
INSERT INTO Card (CardName, CardImageURL, CardTypeName, CardOriginName, CardElementName, CardRarityName) VALUES ('Sky Striker Ace - Raye', '', 'Normal', 'Warrior', 'Dark', 'R');
INSERT INTO Card (CardName, CardImageURL, CardTypeName, CardOriginName, CardElementName, CardRarityName) VALUES ('Sky Striker Ace - Roze', '', 'Normal', 'Warrior', 'Light', 'R');
INSERT INTO Card (CardName, CardImageURL, CardTypeName, CardOriginName, CardElementName, CardRarityName) VALUES ('Dark Hole', '', 'Spell', NULL, NULL, 'SR');
INSERT INTO Card (CardName, CardImageURL, CardTypeName, CardOriginName, CardElementName, CardRarityName) VALUES ('Raigeki', '', 'Spell', NULL, NULL, 'UR');
INSERT INTO Card (CardName, CardImageURL, CardTypeName, CardOriginName, CardElementName, CardRarityName) VALUES ('Sky Striker Maneuver - Afterburners!', '', 'Spell', NULL, NULL, 'R');
INSERT INTO Card (CardName, CardImageURL, CardTypeName, CardOriginName, CardElementName, CardRarityName) VALUES ('Sky Striker Mobilize - Engage!', '', 'Spell', NULL, NULL, 'UR');
INSERT INTO Card (CardName, CardImageURL, CardTypeName, CardOriginName, CardElementName, CardRarityName) VALUES ('Herald of the Abyss', '', 'Spell', NULL, NULL, 'SR');
INSERT INTO Card (CardName, CardImageURL, CardTypeName, CardOriginName, CardElementName, CardRarityName) VALUES ('Lightning Storm', '', 'Spell', NULL, NULL, 'UR');
INSERT INTO Card (CardName, CardImageURL, CardTypeName, CardOriginName, CardElementName, CardRarityName) VALUES ('Sky Striker Mecha Modules - Multirole', '', 'Spell', NULL, NULL, 'R');
INSERT INTO Card (CardName, CardImageURL, CardTypeName, CardOriginName, CardElementName, CardRarityName) VALUES ('Sky Striker Mecha - Hornet Drones', '', 'Spell', NULL, NULL, 'SR');
INSERT INTO Card (CardName, CardImageURL, CardTypeName, CardOriginName, CardElementName, CardRarityName) VALUES ('Sky Striker Mecha - Widow Anchor', '', 'Spell', NULL, NULL, 'SR');
INSERT INTO Card (CardName, CardImageURL, CardTypeName, CardOriginName, CardElementName, CardRarityName) VALUES ('Sky Striker Mobilize - Linkage!', '', 'Spell', NULL, NULL, 'UR');
INSERT INTO Card (CardName, CardImageURL, CardTypeName, CardOriginName, CardElementName, CardRarityName) VALUES ('Sky Striker Ace - Kagari', '', 'Link', 'Machine', 'Fire', 'UR');
INSERT INTO Card (CardName, CardImageURL, CardTypeName, CardOriginName, CardElementName, CardRarityName) VALUES ('Sky Striker Ace - Shizuku', '', 'Link', 'Machine', 'Water', 'SR');
INSERT INTO Card (CardName, CardImageURL, CardTypeName, CardOriginName, CardElementName, CardRarityName) VALUES ('Sky Striker Ace - Hayate', '', 'Link', 'Machine', 'Wind', 'R');
INSERT INTO Card (CardName, CardImageURL, CardTypeName, CardOriginName, CardElementName, CardRarityName) VALUES ('Sky Striker Ace - Kaina', '', 'Link', 'Machine', 'Earth', 'R');
INSERT INTO Card (CardName, CardImageURL, CardTypeName, CardOriginName, CardElementName, CardRarityName) VALUES ('Sky Striker Ace - Zeke', '', 'Link', 'Machine', 'Dark', 'SR');
INSERT INTO Card (CardName, CardImageURL, CardTypeName, CardOriginName, CardElementName, CardRarityName) VALUES ('Sky Striker Ace - Azalea', '', 'Link', 'Machine', 'Dark', 'UR');
INSERT INTO Card (CardName, CardImageURL, CardTypeName, CardOriginName, CardElementName, CardRarityName) VALUES ('Accesscode Talker', '', 'Link', 'Cyberse', 'Dark', 'UR');
INSERT INTO Card (CardName, CardImageURL, CardTypeName, CardOriginName, CardElementName, CardRarityName) VALUES ('Obelisk the Tormentor', '', 'Normal', 'Divine-Beast', 'Divine', 'UR');
INSERT INTO Card (CardName, CardImageURL, CardTypeName, CardOriginName, CardElementName, CardRarityName) VALUES ('Slifer the Sky Dragon', '', 'Normal', 'Divine-Beast', 'Divine', 'UR');
INSERT INTO Card (CardName, CardImageURL, CardTypeName, CardOriginName, CardElementName, CardRarityName) VALUES ('The Winged Dragon of Ra', '', 'Normal', 'Divine-Beast', 'Divine', 'UR');
INSERT INTO Card (CardName, CardImageURL, CardTypeName, CardOriginName, CardElementName, CardRarityName) VALUES ('The Winged Dragon of Ra - Immortal Phoenix', '', 'Normal', 'Divine-Beast', 'Divine', 'UR');
INSERT INTO Card (CardName, CardImageURL, CardTypeName, CardOriginName, CardElementName, CardRarityName) VALUES ('The Winged Dragon of Ra - Sphere Mode', '', 'Normal', 'Divine-Beast', 'Divine', 'UR');
INSERT INTO Card (CardName, CardImageURL, CardTypeName, CardOriginName, CardElementName, CardRarityName) VALUES ('Exodia the Forbidden One', '', 'Normal', 'Spellcaster', 'Dark', 'SR');
INSERT INTO Card (CardName, CardImageURL, CardTypeName, CardOriginName, CardElementName, CardRarityName) VALUES ('Left Arm of the Forbidden One', '', 'Normal', 'Spellcaster', 'Dark', 'N');
INSERT INTO Card (CardName, CardImageURL, CardTypeName, CardOriginName, CardElementName, CardRarityName) VALUES ('Left Leg of the Forbidden One', '', 'Normal', 'Spellcaster', 'Dark', 'N');
INSERT INTO Card (CardName, CardImageURL, CardTypeName, CardOriginName, CardElementName, CardRarityName) VALUES ('Right Arm of the Forbidden One', '', 'Normal', 'Spellcaster', 'Dark', 'N');
INSERT INTO Card (CardName, CardImageURL, CardTypeName, CardOriginName, CardElementName, CardRarityName) VALUES ('Right Leg of the Forbidden One', '', 'Normal', 'Spellcaster', 'Dark', 'N');
INSERT INTO Card (CardName, CardImageURL, CardTypeName, CardOriginName, CardElementName, CardRarityName) VALUES ('Evil★Twins Ki-sikil & Lil-la', '', 'Normal', 'Fiend', 'Dark', 'UR');
