--INSERT INTO table_name (column1, column2, column3, ...) VALUES (value1, value2, value3, ...);
Use TCG
-- Card Type
INSERT INTO CardType (CardTypeName) VALUES ('Normal');
INSERT INTO CardType (CardTypeName) VALUES ('Spell');
INSERT INTO CardType (CardTypeName) VALUES ('Trap');
INSERT INTO CardType (CardTypeName) VALUES ('Fusion');
INSERT INTO CardType (CardTypeName) VALUES ('Ritual');
INSERT INTO CardType (CardTypeName) VALUES ('Synchro');
INSERT INTO CardType (CardTypeName) VALUES ('XYZ');
INSERT INTO CardType (CardTypeName) VALUES ('Pendulum');
INSERT INTO CardType (CardTypeName) VALUES ('Link');

-- Card Origin 
INSERT INTO CardOrigin (CardOriginName) VALUES ('Beast');
INSERT INTO CardOrigin (CardOriginName) VALUES ('Beast-Warrior');
INSERT INTO CardOrigin (CardOriginName) VALUES ('Cyberse');
INSERT INTO CardOrigin (CardOriginName) VALUES ('Divine-Beast');
INSERT INTO CardOrigin (CardOriginName) VALUES ('Dragon');
INSERT INTO CardOrigin (CardOriginName) VALUES ('Fairy');
INSERT INTO CardOrigin (CardOriginName) VALUES ('Fiend');
INSERT INTO CardOrigin (CardOriginName) VALUES ('Machine');
INSERT INTO CardOrigin (CardOriginName) VALUES ('Psychic');
INSERT INTO CardOrigin (CardOriginName) VALUES ('Rock');
INSERT INTO CardOrigin (CardOriginName) VALUES ('Spellcaster');
INSERT INTO CardOrigin (CardOriginName) VALUES ('Warrior');
INSERT INTO CardOrigin (CardOriginName) VALUES ('Winged Beast');
INSERT INTO CardOrigin (CardOriginName) VALUES ('Zombie');
INSERT INTO CardOrigin (CardOriginName) VALUES ('Insect');

-- Card Elements
INSERT INTO CardElement (CardElementName) VALUES ('Light');
INSERT INTO CardElement (CardElementName) VALUES ('Dark');
INSERT INTO CardElement (CardElementName) VALUES ('Wind');
INSERT INTO CardElement (CardElementName) VALUES ('Fire');
INSERT INTO CardElement (CardElementName) VALUES ('Earth');
INSERT INTO CardElement (CardElementName) VALUES ('Water');
INSERT INTO CardElement (CardElementName) VALUES ('Divine');

-- Card Rarity 
INSERT INTO CardRarity (CardRarityName) VALUES ('N');
INSERT INTO CardRarity (CardRarityName) VALUES ('R');
INSERT INTO CardRarity (CardRarityName) VALUES ('SR');
INSERT INTO CardRarity (CardRarityName) VALUES ('UR');

--Anh duoc lay tu https://ygoprodeck.com/
--Card 
INSERT INTO Card (CardName, CardImageURL, CardTypeName, CardOriginName, CardElementName, CardRarityName) VALUES ('Ash Blossom & Joyous Spring', '', 'Normal', 'Zombie', 'Fire', 'UR');
INSERT INTO Card (CardName, CardImageURL, CardTypeName, CardOriginName, CardElementName, CardRarityName) VALUES ('Kashtira Riseheart', '', 'Normal', 'Warrior', 'Fire', 'UR');
INSERT INTO Card (CardName, CardImageURL, CardTypeName, CardOriginName, CardElementName, CardRarityName) VALUES ('Kashtira Fenrir', '', 'Normal', 'Psychic', 'Earth', 'UR');
INSERT INTO Card (CardName, CardImageURL, CardTypeName, CardOriginName, CardElementName, CardRarityName) VALUES ('Kashtira Ogre', '', 'Normal', 'Psychic', 'Water', 'R');
INSERT INTO Card (CardName, CardImageURL, CardTypeName, CardOriginName, CardElementName, CardRarityName) VALUES ('Kashtira Unicorn', '', 'Normal', 'Psychic', 'Wind', 'UR');
INSERT INTO Card (CardName, CardImageURL, CardTypeName, CardOriginName, CardElementName, CardRarityName) VALUES ('Scareclaw Kashtira', '', 'Normal', 'Psychic', 'Earth', 'SR');
INSERT INTO Card (CardName, CardImageURL, CardTypeName, CardOriginName, CardElementName, CardRarityName) VALUES ('Harpie"s Feather Duster', '', 'Spell', NULL, NULL, 'UR' );
INSERT INTO Card (CardName, CardImageURL, CardTypeName, CardOriginName, CardElementName, CardRarityName) VALUES ('Reinforcement of the Army', '', 'Spell', NULL, NULL, 'UR');
INSERT INTO Card (CardName, CardImageURL, CardTypeName, CardOriginName, CardElementName, CardRarityName) VALUES ('Pot of Desires', '', 'Spell', NULL, NULL, 'SR');
INSERT INTO Card (CardName, CardImageURL, CardTypeName, CardOriginName, CardElementName, CardRarityName) VALUES ('Dark Ruler No More', '', 'Spell', NULL, NULL, 'UR');
INSERT INTO Card (CardName, CardImageURL, CardTypeName, CardOriginName, CardElementName, CardRarityName) VALUES ('Triple Tactics Talent', '', 'Spell', NULL, NULL, 'UR');
INSERT INTO Card (CardName, CardImageURL, CardTypeName, CardOriginName, CardElementName, CardRarityName) VALUES ('Pot of Prosperity', '', 'Spell', NULL, NULL, 'SR');
INSERT INTO Card (CardName, CardImageURL, CardTypeName, CardOriginName, CardElementName, CardRarityName) VALUES ('Kashtiratheosis', '', 'Spell', NULL, NULL, 'UR');
INSERT INTO Card (CardName, CardImageURL, CardTypeName, CardOriginName, CardElementName, CardRarityName) VALUES ('Triple Tactics Thrust', '', 'Spell', NULL, NULL, 'UR');
INSERT INTO Card (CardName, CardImageURL, CardTypeName, CardOriginName, CardElementName, CardRarityName) VALUES ('Pressured Planet Wraitsoth', '', 'Spell', NULL, NULL, 'UR');
INSERT INTO Card (CardName, CardImageURL, CardTypeName, CardOriginName, CardElementName, CardRarityName) VALUES ('Kashtira Birth', '', 'Spell', NULL, NULL, 'SR');
INSERT INTO Card (CardName, CardImageURL, CardTypeName, CardOriginName, CardElementName, CardRarityName) VALUES ('Book of Moon', '', 'Spell', NULL, NULL, 'R');
INSERT INTO Card (CardName, CardImageURL, CardTypeName, CardOriginName, CardElementName, CardRarityName) VALUES ('Cosmic Cyclone', '', 'Spell', NULL, NULL, 'SR');
INSERT INTO Card (CardName, CardImageURL, CardTypeName, CardOriginName, CardElementName, CardRarityName) VALUES ('Called by the Grave', '', 'Spell', NULL, NULL, 'UR');
INSERT INTO Card (CardName, CardImageURL, CardTypeName, CardOriginName, CardElementName, CardRarityName) VALUES ('Infinite Impermanence', '', 'Trap', NULL, NULL, 'UR');
INSERT INTO Card (CardName, CardImageURL, CardTypeName, CardOriginName, CardElementName, CardRarityName) VALUES ('Kashtira Big Bang', '', 'Trap', NULL, NULL, 'SR');
INSERT INTO Card (CardName, CardImageURL, CardTypeName, CardOriginName, CardElementName, CardRarityName) VALUES ('Number 11: Big Eye', '', 'XYZ', 'Spellcaster', 'Dark', 'SR');
INSERT INTO Card (CardName, CardImageURL, CardTypeName, CardOriginName, CardElementName, CardRarityName) VALUES ('Number 74: Master of Blades', '', 'XYZ', 'Psychic', 'Earth', 'R');
INSERT INTO Card (CardName, CardImageURL, CardTypeName, CardOriginName, CardElementName, CardRarityName) VALUES ('Red-Eyes Flare Metal Dragon', '', 'XYZ', 'Dragon', 'Dark', 'SR');
INSERT INTO Card (CardName, CardImageURL, CardTypeName, CardOriginName, CardElementName, CardRarityName) VALUES ('Dark Armed, the Dragon of Annihilation', '', 'XYZ', 'Dragon', 'Dark', 'R');
INSERT INTO Card (CardName, CardImageURL, CardTypeName, CardOriginName, CardElementName, CardRarityName) VALUES ('Kashtira Shangri-Ira', '', 'XYZ', 'Psychic', 'Fire', 'SR');
INSERT INTO Card (CardName, CardImageURL, CardTypeName, CardOriginName, CardElementName, CardRarityName) VALUES ('Kashtira Arise-Heart', '', 'XYZ', 'Machine', 'Dark', 'UR');
INSERT INTO Card (CardName, CardImageURL, CardTypeName, CardOriginName, CardElementName, CardRarityName) VALUES ('Divine Arsenal AA-ZEUS - Sky Thunder', '', 'XYZ', 'Machine', 'Light', 'UR');
INSERT INTO Card (CardName, CardImageURL, CardTypeName, CardOriginName, CardElementName, CardRarityName) VALUES ('Hiita the Fire Charmer, Ablaze', '', 'Link', 'Spellcaster', 'Fire', 'SR');
INSERT INTO Card (CardName, CardImageURL, CardTypeName, CardOriginName, CardElementName, CardRarityName) VALUES ('Wynn the Wind Charmer, Verdant', '', 'Link', 'Spellcaster', 'Wind', 'SR');
INSERT INTO Card (CardName, CardImageURL, CardTypeName, CardOriginName, CardElementName, CardRarityName) VALUES ('Aussa the Earth Charmer, Immovable', '', 'Link', 'Spellcaster', 'Earth', 'SR');
INSERT INTO Card (CardName, CardImageURL, CardTypeName, CardOriginName, CardElementName, CardRarityName) VALUES ('Eria the Water Charmer, Gentle', '', 'Link', 'Spellcaster', 'Water', 'SR');
INSERT INTO Card (CardName, CardImageURL, CardTypeName, CardOriginName, CardElementName, CardRarityName) VALUES ('Dharc the Dark Charmer, Gloomy', '', 'Link', 'Spellcaster', 'Dark', 'SR');
INSERT INTO Card (CardName, CardImageURL, CardTypeName, CardOriginName, CardElementName, CardRarityName) VALUES ('Labrynth Cooclock', '', 'Normal', 'Fiend', 'Dark', 'R');
INSERT INTO Card (CardName, CardImageURL, CardTypeName, CardOriginName, CardElementName, CardRarityName) VALUES ('Maxx "C"', '', 'Normal', 'Insect', 'Earth', 'UR');
INSERT INTO Card (CardName, CardImageURL, CardTypeName, CardOriginName, CardElementName, CardRarityName) VALUES ('Labrynth Stovie Torbie', '', 'Normal', 'Fiend', 'Dark', 'N');
INSERT INTO Card (CardName, CardImageURL, CardTypeName, CardOriginName, CardElementName, CardRarityName) VALUES ('Labrynth Chandraglier', '', 'Normal', 'Fiend', 'Dark', 'N');
INSERT INTO Card (CardName, CardImageURL, CardTypeName, CardOriginName, CardElementName, CardRarityName) VALUES ('Arianna the Labrynth Servant', '', 'Normal', 'Fiend', 'Dark', 'SR');
INSERT INTO Card (CardName, CardImageURL, CardTypeName, CardOriginName, CardElementName, CardRarityName) VALUES ('Lovely Labrynth of the Silver Castle', '', 'Normal', 'Fiend', 'Dark', 'UR');
INSERT INTO Card (CardName, CardImageURL, CardTypeName, CardOriginName, CardElementName, CardRarityName) VALUES ('Lady Labrynth of the Silver Castle', '', 'Normal', 'Fiend', 'Dark', 'UR');
INSERT INTO Card (CardName, CardImageURL, CardTypeName, CardOriginName, CardElementName, CardRarityName) VALUES ('Nibiru, the Primal Being', '', 'Normal', 'Rock', 'Light', 'UR');
INSERT INTO Card (CardName, CardImageURL, CardTypeName, CardOriginName, CardElementName, CardRarityName) VALUES ('Pot of Extravagance', '', 'Spell', NULL, NULL, 'SR');
INSERT INTO Card (CardName, CardImageURL, CardTypeName, CardOriginName, CardElementName, CardRarityName) VALUES ('Labrynth Labyrinth', '', 'Spell', NULL, NULL, 'SR');
INSERT INTO Card (CardName, CardImageURL, CardTypeName, CardOriginName, CardElementName, CardRarityName) VALUES ('Dimensional Barrier', '', 'Trap', NULL, NULL, 'SR');
INSERT INTO Card (CardName, CardImageURL, CardTypeName, CardOriginName, CardElementName, CardRarityName) VALUES ('Welcome Labrynth', '', 'Trap', NULL, NULL, 'UR');
INSERT INTO Card (CardName, CardImageURL, CardTypeName, CardOriginName, CardElementName, CardRarityName) VALUES ('Terrors of the Overroot', '', 'Trap', NULL, NULL, 'UR');
INSERT INTO Card (CardName, CardImageURL, CardTypeName, CardOriginName, CardElementName, CardRarityName) VALUES ('Big Welcome Labrynth', '', 'Trap', NULL, NULL, 'UR');
INSERT INTO Card (CardName, CardImageURL, CardTypeName, CardOriginName, CardElementName, CardRarityName) VALUES ('Destructive Daruma Karma Cannon', '', 'Trap', NULL, NULL, 'UR');
INSERT INTO Card (CardName, CardImageURL, CardTypeName, CardOriginName, CardElementName, CardRarityName) VALUES ('Skill Drain', '', 'Trap', NULL, NULL, 'SR');
INSERT INTO Card (CardName, CardImageURL, CardTypeName, CardOriginName, CardElementName, CardRarityName) VALUES ('Effect Veiler', '', 'Normal', 'Spellcaster', 'Light', 'UR');
INSERT INTO Card (CardName, CardImageURL, CardTypeName, CardOriginName, CardElementName, CardRarityName) VALUES ('Black Metal Dragon', '', 'Normal', 'Dragon', 'Dark', 'UR');
INSERT INTO Card (CardName, CardImageURL, CardTypeName, CardOriginName, CardElementName, CardRarityName) VALUES ('PSY-Framegear Gamma', '', 'Normal', 'Psychic', 'Light', 'SR');
INSERT INTO Card (CardName, CardImageURL, CardTypeName, CardOriginName, CardElementName, CardRarityName) VALUES ('PSY-Frame Driver', '', 'Normal', 'Psychic', 'Light', 'N');
INSERT INTO Card (CardName, CardImageURL, CardTypeName, CardOriginName, CardElementName, CardRarityName) VALUES ('White Dragon Wyverburster', '', 'Normal', 'Dragon', 'Light', 'SR');
INSERT INTO Card (CardName, CardImageURL, CardTypeName, CardOriginName, CardElementName, CardRarityName) VALUES ('Black Dragon Collapserpent', '', 'Normal', 'Dragon', 'Dark', 'SR');
INSERT INTO Card (CardName, CardImageURL, CardTypeName, CardOriginName, CardElementName, CardRarityName) VALUES ('Rokket Recharger', '', 'Normal', 'Dragon', 'Dark', 'N');
INSERT INTO Card (CardName, CardImageURL, CardTypeName, CardOriginName, CardElementName, CardRarityName) VALUES ('Rokket Tracer', '', 'Normal', 'Dragon', 'Dark', 'SR');
INSERT INTO Card (CardName, CardImageURL, CardTypeName, CardOriginName, CardElementName, CardRarityName) VALUES ('Rokket Synchron', '', 'Normal', 'Dragon', 'Dark', 'SR');
INSERT INTO Card (CardName, CardImageURL, CardTypeName, CardOriginName, CardElementName, CardRarityName) VALUES ('Starliege Seyfert', '', 'Normal', 'Dragon', 'Light', 'SR');
INSERT INTO Card (CardName, CardImageURL, CardTypeName, CardOriginName, CardElementName, CardRarityName) VALUES ('Red-Eyes Black Meteor Dragon', '', 'Normal', 'Dragon', 'Dark', 'SR');
INSERT INTO Card (CardName, CardImageURL, CardTypeName, CardOriginName, CardElementName, CardRarityName) VALUES ('Bystial Druiswurm', '', 'Normal', 'Dragon', 'Dark', 'SR');
INSERT INTO Card (CardName, CardImageURL, CardTypeName, CardOriginName, CardElementName, CardRarityName) VALUES ('Bystial Baldrake', '', 'Normal', 'Dragon', 'Dark', 'SR');
INSERT INTO Card (CardName, CardImageURL, CardTypeName, CardOriginName, CardElementName, CardRarityName) VALUES ('Bystial Saronir', '', 'Normal', 'Dragon', 'Dark', 'SR');
INSERT INTO Card (CardName, CardImageURL, CardTypeName, CardOriginName, CardElementName, CardRarityName) VALUES ('Bystial Magnamhut', '', 'Normal', 'Dragon', 'Dark', 'SR');
INSERT INTO Card (CardName, CardImageURL, CardTypeName, CardOriginName, CardElementName, CardRarityName) VALUES ('Absorouter Dragon', '', 'Normal', 'Dragon', 'Dark', 'SR');
INSERT INTO Card (CardName, CardImageURL, CardTypeName, CardOriginName, CardElementName, CardRarityName) VALUES ('Chaos Dragon Levianeer', '', 'Normal', 'Dragon', 'Dark', 'UR');
INSERT INTO Card (CardName, CardImageURL, CardTypeName, CardOriginName, CardElementName, CardRarityName) VALUES ('Red-Eyes Darkness Metal Dragon', '', 'Normal', 'Dragon', 'Dark', 'UR');
INSERT INTO Card (CardName, CardImageURL, CardTypeName, CardOriginName, CardElementName, CardRarityName) VALUES ('The Bystial Lubellion', '', 'Normal', 'Dragon', 'Light', 'UR');
INSERT INTO Card (CardName, CardImageURL, CardTypeName, CardOriginName, CardElementName, CardRarityName) VALUES ('Chaos Space', '', 'Spell', NULL, NULL, 'SR');
INSERT INTO Card (CardName, CardImageURL, CardTypeName, CardOriginName, CardElementName, CardRarityName) VALUES ('Branded Regained', '', 'Spell', NULL, NULL, 'SR');
INSERT INTO Card (CardName, CardImageURL, CardTypeName, CardOriginName, CardElementName, CardRarityName) VALUES ('Boot Sector Launch', '', 'Spell', NULL, NULL, 'SR');
INSERT INTO Card (CardName, CardImageURL, CardTypeName, CardOriginName, CardElementName, CardRarityName) VALUES ('Dragon Ravine', '', 'Spell', NULL, NULL, 'UR');
INSERT INTO Card (CardName, CardImageURL, CardTypeName, CardOriginName, CardElementName, CardRarityName) VALUES ('Quick Launch', '', 'Spell', NULL, NULL, 'SR');
INSERT INTO Card (CardName, CardImageURL, CardTypeName, CardOriginName, CardElementName, CardRarityName) VALUES ('Branded Beast', '', 'Trap', NULL, NULL, 'R');
INSERT INTO Card (CardName, CardImageURL, CardTypeName, CardOriginName, CardElementName, CardRarityName) VALUES ('Borreload Savage Dragon', '', 'Synchro', 'Dragon', 'Dark', 'UR');
INSERT INTO Card (CardName, CardImageURL, CardTypeName, CardOriginName, CardElementName, CardRarityName) VALUES ('Chaos Ruler, the Chaotic Magical Dragon', '', 'Synchro', 'Dragon', 'Dark', 'UR');
INSERT INTO Card (CardName, CardImageURL, CardTypeName, CardOriginName, CardElementName, CardRarityName) VALUES ('Hot Red Dragon Archfiend Abyss', '', 'Synchro', 'Dragon', 'Dark', 'UR');
INSERT INTO Card (CardName, CardImageURL, CardTypeName, CardOriginName, CardElementName, CardRarityName) VALUES ('Chaos Angel', '', 'Synchro', 'Fiend', 'Dark', 'UR');
INSERT INTO Card (CardName, CardImageURL, CardTypeName, CardOriginName, CardElementName, CardRarityName) VALUES ('Baronne de Fleur', '', 'Synchro', 'Warrior', 'Wind', 'UR');
INSERT INTO Card (CardName, CardImageURL, CardTypeName, CardOriginName, CardElementName, CardRarityName) VALUES ('Guardragon Pisty', '', 'Link', 'Dragon', 'Dark', 'R');
INSERT INTO Card (CardName, CardImageURL, CardTypeName, CardOriginName, CardElementName, CardRarityName) VALUES ('Striker Dragon', '', 'Link', 'Dragon', 'Dark', 'SR');
INSERT INTO Card (CardName, CardImageURL, CardTypeName, CardOriginName, CardElementName, CardRarityName) VALUES ('Hieratic Seal of the Heavenly Spheres', '', 'Link', 'Dragon', 'Light', 'UR');
INSERT INTO Card (CardName, CardImageURL, CardTypeName, CardOriginName, CardElementName, CardRarityName) VALUES ('Dragunity Knight - Romulus', '', 'Link', 'Dragon', 'Wind', 'R');
INSERT INTO Card (CardName, CardImageURL, CardTypeName, CardOriginName, CardElementName, CardRarityName) VALUES ('I:P Masquerena', '', 'Link', 'Cyberse', 'Dark', 'UR');
INSERT INTO Card (CardName, CardImageURL, CardTypeName, CardOriginName, CardElementName, CardRarityName) VALUES ('Triple Burst Dragon', '', 'Link', 'Dragon', 'Dark', 'R');
INSERT INTO Card (CardName, CardImageURL, CardTypeName, CardOriginName, CardElementName, CardRarityName) VALUES ('Knightmare Unicorn', '', 'Link', 'Fiend', 'Dark', 'UR');
INSERT INTO Card (CardName, CardImageURL, CardTypeName, CardOriginName, CardElementName, CardRarityName) VALUES ('Borrelend Dragon', '', 'Link', 'Dragon', 'Dark', 'UR');
INSERT INTO Card (CardName, CardImageURL, CardTypeName, CardOriginName, CardElementName, CardRarityName) VALUES ('Despian Tragedy', '', 'Normal', 'Fairy', 'Dark', 'N');
INSERT INTO Card (CardName, CardImageURL, CardTypeName, CardOriginName, CardElementName, CardRarityName) VALUES ('Fallen of Albaz', '', 'Normal', 'Dragon', 'Dark', 'SR');
INSERT INTO Card (CardName, CardImageURL, CardTypeName, CardOriginName, CardElementName, CardRarityName) VALUES ('Aluber the Jester of Despia', '', 'Normal', 'Dragon', 'Dark', 'SR');
INSERT INTO Card (CardName, CardImageURL, CardTypeName, CardOriginName, CardElementName, CardRarityName) VALUES ('Springans Kitt', '', 'Normal', 'Beast', 'Dark', 'R');
INSERT INTO Card (CardName, CardImageURL, CardTypeName, CardOriginName, CardElementName, CardRarityName) VALUES ('Tri-Brigade Mercourier', '', 'Normal', 'Winged Beast', 'Dark', 'UR');
INSERT INTO Card (CardName, CardImageURL, CardTypeName, CardOriginName, CardElementName, CardRarityName) VALUES ('Blazing Cartesia, the Virtuous', '', 'Normal', 'Spellcaster', 'Light', 'UR');
INSERT INTO Card (CardName, CardImageURL, CardTypeName, CardOriginName, CardElementName, CardRarityName) VALUES ('Albion the Shrouded Dragon', '', 'Normal', 'Dragon', 'Dark', 'R');
INSERT INTO Card (CardName, CardImageURL, CardTypeName, CardOriginName, CardElementName, CardRarityName) VALUES ('Fusion Deployment', '', 'Spell', NULL, NULL, 'UR');
INSERT INTO Card (CardName, CardImageURL, CardTypeName, CardOriginName, CardElementName, CardRarityName) VALUES ('Branded in White', '', 'Spell', NULL, NULL, 'SR');
INSERT INTO Card (CardName, CardImageURL, CardTypeName, CardOriginName, CardElementName, CardRarityName) VALUES ('Branded in Red', '', 'Spell', NULL, NULL, 'R');
INSERT INTO Card (CardName, CardImageURL, CardTypeName, CardOriginName, CardElementName, CardRarityName) VALUES ('Branded Fusion', '', 'Spell', NULL, NULL, 'UR');
INSERT INTO Card (CardName, CardImageURL, CardTypeName, CardOriginName, CardElementName, CardRarityName) VALUES ('');
INSERT INTO Card (CardName, CardImageURL, CardTypeName, CardOriginName, CardElementName, CardRarityName) VALUES ('');
INSERT INTO Card (CardName, CardImageURL, CardTypeName, CardOriginName, CardElementName, CardRarityName) VALUES ('');
INSERT INTO Card (CardName, CardImageURL, CardTypeName, CardOriginName, CardElementName, CardRarityName) VALUES ('');
INSERT INTO Card (CardName, CardImageURL, CardTypeName, CardOriginName, CardElementName, CardRarityName) VALUES ('');
INSERT INTO Card (CardName, CardImageURL, CardTypeName, CardOriginName, CardElementName, CardRarityName) VALUES ('');
INSERT INTO Card (CardName, CardImageURL, CardTypeName, CardOriginName, CardElementName, CardRarityName) VALUES ('');
INSERT INTO Card (CardName, CardImageURL, CardTypeName, CardOriginName, CardElementName, CardRarityName) VALUES ('');
INSERT INTO Card (CardName, CardImageURL, CardTypeName, CardOriginName, CardElementName, CardRarityName) VALUES ('');
INSERT INTO Card (CardName, CardImageURL, CardTypeName, CardOriginName, CardElementName, CardRarityName) VALUES ('');
INSERT INTO Card (CardName, CardImageURL, CardTypeName, CardOriginName, CardElementName, CardRarityName) VALUES ('');
INSERT INTO Card (CardName, CardImageURL, CardTypeName, CardOriginName, CardElementName, CardRarityName) VALUES ('');
INSERT INTO Card (CardName, CardImageURL, CardTypeName, CardOriginName, CardElementName, CardRarityName) VALUES ('');
INSERT INTO Card (CardName, CardImageURL, CardTypeName, CardOriginName, CardElementName, CardRarityName) VALUES ('');
INSERT INTO Card (CardName, CardImageURL, CardTypeName, CardOriginName, CardElementName, CardRarityName) VALUES ('');
INSERT INTO Card (CardName, CardImageURL, CardTypeName, CardOriginName, CardElementName, CardRarityName) VALUES ('');
INSERT INTO Card (CardName, CardImageURL, CardTypeName, CardOriginName, CardElementName, CardRarityName) VALUES ('');
INSERT INTO Card (CardName, CardImageURL, CardTypeName, CardOriginName, CardElementName, CardRarityName) VALUES ('');
INSERT INTO Card (CardName, CardImageURL, CardTypeName, CardOriginName, CardElementName, CardRarityName) VALUES ('');
INSERT INTO Card (CardName, CardImageURL, CardTypeName, CardOriginName, CardElementName, CardRarityName) VALUES ('');
INSERT INTO Card (CardName, CardImageURL, CardTypeName, CardOriginName, CardElementName, CardRarityName) VALUES ('');
INSERT INTO Card (CardName, CardImageURL, CardTypeName, CardOriginName, CardElementName, CardRarityName) VALUES ('');
INSERT INTO Card (CardName, CardImageURL, CardTypeName, CardOriginName, CardElementName, CardRarityName) VALUES ('');
INSERT INTO Card (CardName, CardImageURL, CardTypeName, CardOriginName, CardElementName, CardRarityName) VALUES ('');
INSERT INTO Card (CardName, CardImageURL, CardTypeName, CardOriginName, CardElementName, CardRarityName) VALUES ('');
INSERT INTO Card (CardName, CardImageURL, CardTypeName, CardOriginName, CardElementName, CardRarityName) VALUES ('');
INSERT INTO Card (CardName, CardImageURL, CardTypeName, CardOriginName, CardElementName, CardRarityName) VALUES ('');
INSERT INTO Card (CardName, CardImageURL, CardTypeName, CardOriginName, CardElementName, CardRarityName) VALUES ('');
INSERT INTO Card (CardName, CardImageURL, CardTypeName, CardOriginName, CardElementName, CardRarityName) VALUES ('');
INSERT INTO Card (CardName, CardImageURL, CardTypeName, CardOriginName, CardElementName, CardRarityName) VALUES ('');
INSERT INTO Card (CardName, CardImageURL, CardTypeName, CardOriginName, CardElementName, CardRarityName) VALUES ('');
INSERT INTO Card (CardName, CardImageURL, CardTypeName, CardOriginName, CardElementName, CardRarityName) VALUES ('');
INSERT INTO Card (CardName, CardImageURL, CardTypeName, CardOriginName, CardElementName, CardRarityName) VALUES ('');
INSERT INTO Card (CardName, CardImageURL, CardTypeName, CardOriginName, CardElementName, CardRarityName) VALUES ('');
INSERT INTO Card (CardName, CardImageURL, CardTypeName, CardOriginName, CardElementName, CardRarityName) VALUES ('');
INSERT INTO Card (CardName, CardImageURL, CardTypeName, CardOriginName, CardElementName, CardRarityName) VALUES ('');
INSERT INTO Card (CardName, CardImageURL, CardTypeName, CardOriginName, CardElementName, CardRarityName) VALUES ('');
INSERT INTO Card (CardName, CardImageURL, CardTypeName, CardOriginName, CardElementName, CardRarityName) VALUES ('');
INSERT INTO Card (CardName, CardImageURL, CardTypeName, CardOriginName, CardElementName, CardRarityName) VALUES ('');
INSERT INTO Card (CardName, CardImageURL, CardTypeName, CardOriginName, CardElementName, CardRarityName) VALUES ('');
INSERT INTO Card (CardName, CardImageURL, CardTypeName, CardOriginName, CardElementName, CardRarityName) VALUES ('');
INSERT INTO Card (CardName, CardImageURL, CardTypeName, CardOriginName, CardElementName, CardRarityName) VALUES ('');
INSERT INTO Card (CardName, CardImageURL, CardTypeName, CardOriginName, CardElementName, CardRarityName) VALUES ('');
INSERT INTO Card (CardName, CardImageURL, CardTypeName, CardOriginName, CardElementName, CardRarityName) VALUES ('');
INSERT INTO Card (CardName, CardImageURL, CardTypeName, CardOriginName, CardElementName, CardRarityName) VALUES ('');
INSERT INTO Card (CardName, CardImageURL, CardTypeName, CardOriginName, CardElementName, CardRarityName) VALUES ('');
INSERT INTO Card (CardName, CardImageURL, CardTypeName, CardOriginName, CardElementName, CardRarityName) VALUES ('');
INSERT INTO Card (CardName, CardImageURL, CardTypeName, CardOriginName, CardElementName, CardRarityName) VALUES ('');
INSERT INTO Card (CardName, CardImageURL, CardTypeName, CardOriginName, CardElementName, CardRarityName) VALUES ('');
INSERT INTO Card (CardName, CardImageURL, CardTypeName, CardOriginName, CardElementName, CardRarityName) VALUES ('');
INSERT INTO Card (CardName, CardImageURL, CardTypeName, CardOriginName, CardElementName, CardRarityName) VALUES ('');
INSERT INTO Card (CardName, CardImageURL, CardTypeName, CardOriginName, CardElementName, CardRarityName) VALUES ('');
INSERT INTO Card (CardName, CardImageURL, CardTypeName, CardOriginName, CardElementName, CardRarityName) VALUES ('');
INSERT INTO Card (CardName, CardImageURL, CardTypeName, CardOriginName, CardElementName, CardRarityName) VALUES ('');
INSERT INTO Card (CardName, CardImageURL, CardTypeName, CardOriginName, CardElementName, CardRarityName) VALUES ('');
INSERT INTO Card (CardName, CardImageURL, CardTypeName, CardOriginName, CardElementName, CardRarityName) VALUES ('');
INSERT INTO Card (CardName, CardImageURL, CardTypeName, CardOriginName, CardElementName, CardRarityName) VALUES ('');
INSERT INTO Card (CardName, CardImageURL, CardTypeName, CardOriginName, CardElementName, CardRarityName) VALUES ('');
INSERT INTO Card (CardName, CardImageURL, CardTypeName, CardOriginName, CardElementName, CardRarityName) VALUES ('');
INSERT INTO Card (CardName, CardImageURL, CardTypeName, CardOriginName, CardElementName, CardRarityName) VALUES ('');
INSERT INTO Card (CardName, CardImageURL, CardTypeName, CardOriginName, CardElementName, CardRarityName) VALUES ('');
INSERT INTO Card (CardName, CardImageURL, CardTypeName, CardOriginName, CardElementName, CardRarityName) VALUES ('');
INSERT INTO Card (CardName, CardImageURL, CardTypeName, CardOriginName, CardElementName, CardRarityName) VALUES ('');
INSERT INTO Card (CardName, CardImageURL, CardTypeName, CardOriginName, CardElementName, CardRarityName) VALUES ('');
INSERT INTO Card (CardName, CardImageURL, CardTypeName, CardOriginName, CardElementName, CardRarityName) VALUES ('');
INSERT INTO Card (CardName, CardImageURL, CardTypeName, CardOriginName, CardElementName, CardRarityName) VALUES ('');
INSERT INTO Card (CardName, CardImageURL, CardTypeName, CardOriginName, CardElementName, CardRarityName) VALUES ('');
INSERT INTO Card (CardName, CardImageURL, CardTypeName, CardOriginName, CardElementName, CardRarityName) VALUES ('');
INSERT INTO Card (CardName, CardImageURL, CardTypeName, CardOriginName, CardElementName, CardRarityName) VALUES ('');
INSERT INTO Card (CardName, CardImageURL, CardTypeName, CardOriginName, CardElementName, CardRarityName) VALUES ('');
INSERT INTO Card (CardName, CardImageURL, CardTypeName, CardOriginName, CardElementName, CardRarityName) VALUES ('');
INSERT INTO Card (CardName, CardImageURL, CardTypeName, CardOriginName, CardElementName, CardRarityName) VALUES ('');
INSERT INTO Card (CardName, CardImageURL, CardTypeName, CardOriginName, CardElementName, CardRarityName) VALUES ('');
INSERT INTO Card (CardName, CardImageURL, CardTypeName, CardOriginName, CardElementName, CardRarityName) VALUES ('');
INSERT INTO Card (CardName, CardImageURL, CardTypeName, CardOriginName, CardElementName, CardRarityName) VALUES ('');
INSERT INTO Card (CardName, CardImageURL, CardTypeName, CardOriginName, CardElementName, CardRarityName) VALUES ('');
INSERT INTO Card (CardName, CardImageURL, CardTypeName, CardOriginName, CardElementName, CardRarityName) VALUES ('');
INSERT INTO Card (CardName, CardImageURL, CardTypeName, CardOriginName, CardElementName, CardRarityName) VALUES ('');
INSERT INTO Card (CardName, CardImageURL, CardTypeName, CardOriginName, CardElementName, CardRarityName) VALUES ('');
INSERT INTO Card (CardName, CardImageURL, CardTypeName, CardOriginName, CardElementName, CardRarityName) VALUES ('');
INSERT INTO Card (CardName, CardImageURL, CardTypeName, CardOriginName, CardElementName, CardRarityName) VALUES ('');
INSERT INTO Card (CardName, CardImageURL, CardTypeName, CardOriginName, CardElementName, CardRarityName) VALUES ('');
INSERT INTO Card (CardName, CardImageURL, CardTypeName, CardOriginName, CardElementName, CardRarityName) VALUES ('');
INSERT INTO Card (CardName, CardImageURL, CardTypeName, CardOriginName, CardElementName, CardRarityName) VALUES ('');
INSERT INTO Card (CardName, CardImageURL, CardTypeName, CardOriginName, CardElementName, CardRarityName) VALUES ('');
INSERT INTO Card (CardName, CardImageURL, CardTypeName, CardOriginName, CardElementName, CardRarityName) VALUES ('');
INSERT INTO Card (CardName, CardImageURL, CardTypeName, CardOriginName, CardElementName, CardRarityName) VALUES ('');
INSERT INTO Card (CardName, CardImageURL, CardTypeName, CardOriginName, CardElementName, CardRarityName) VALUES ('');
INSERT INTO Card (CardName, CardImageURL, CardTypeName, CardOriginName, CardElementName, CardRarityName) VALUES ('');
INSERT INTO Card (CardName, CardImageURL, CardTypeName, CardOriginName, CardElementName, CardRarityName) VALUES ('');
INSERT INTO Card (CardName, CardImageURL, CardTypeName, CardOriginName, CardElementName, CardRarityName) VALUES ('');
INSERT INTO Card (CardName, CardImageURL, CardTypeName, CardOriginName, CardElementName, CardRarityName) VALUES ('');
INSERT INTO Card (CardName, CardImageURL, CardTypeName, CardOriginName, CardElementName, CardRarityName) VALUES ('');
INSERT INTO Card (CardName, CardImageURL, CardTypeName, CardOriginName, CardElementName, CardRarityName) VALUES ('');
INSERT INTO Card (CardName, CardImageURL, CardTypeName, CardOriginName, CardElementName, CardRarityName) VALUES ('');
INSERT INTO Card (CardName, CardImageURL, CardTypeName, CardOriginName, CardElementName, CardRarityName) VALUES ('');
INSERT INTO Card (CardName, CardImageURL, CardTypeName, CardOriginName, CardElementName, CardRarityName) VALUES ('');
INSERT INTO Card (CardName, CardImageURL, CardTypeName, CardOriginName, CardElementName, CardRarityName) VALUES ('');
INSERT INTO Card (CardName, CardImageURL, CardTypeName, CardOriginName, CardElementName, CardRarityName) VALUES ('');
INSERT INTO Card (CardName, CardImageURL, CardTypeName, CardOriginName, CardElementName, CardRarityName) VALUES ('');
INSERT INTO Card (CardName, CardImageURL, CardTypeName, CardOriginName, CardElementName, CardRarityName) VALUES ('');
INSERT INTO Card (CardName, CardImageURL, CardTypeName, CardOriginName, CardElementName, CardRarityName) VALUES ('');
INSERT INTO Card (CardName, CardImageURL, CardTypeName, CardOriginName, CardElementName, CardRarityName) VALUES ('');
INSERT INTO Card (CardName, CardImageURL, CardTypeName, CardOriginName, CardElementName, CardRarityName) VALUES ('');
INSERT INTO Card (CardName, CardImageURL, CardTypeName, CardOriginName, CardElementName, CardRarityName) VALUES ('');
INSERT INTO Card (CardName, CardImageURL, CardTypeName, CardOriginName, CardElementName, CardRarityName) VALUES ('');
INSERT INTO Card (CardName, CardImageURL, CardTypeName, CardOriginName, CardElementName, CardRarityName) VALUES ('');
INSERT INTO Card (CardName, CardImageURL, CardTypeName, CardOriginName, CardElementName, CardRarityName) VALUES ('');
INSERT INTO Card (CardName, CardImageURL, CardTypeName, CardOriginName, CardElementName, CardRarityName) VALUES ('');
INSERT INTO Card (CardName, CardImageURL, CardTypeName, CardOriginName, CardElementName, CardRarityName) VALUES ('');
INSERT INTO Card (CardName, CardImageURL, CardTypeName, CardOriginName, CardElementName, CardRarityName) VALUES ('');
