--INSERT INTO table_name (column1, column2, column3, ...) VALUES (value1, value2, value3, ...);
Use TCG
-- Card Type
INSERT INTO CardType (CardTypeName) VALUES ('Normal');
INSERT INTO CardType (CardTypeName) VALUES ('Spell');
INSERT INTO CardType (CardTypeName) VALUES ('Trap');
INSERT INTO CardType (CardTypeName) VALUES ('Fusion');
INSERT INTO CardType (CardTypeName) VALUES ('Ritual');
INSERT INTO CardType (CardTypeName) VALUES ('Synchro');
INSERT INTO CardType (CardTypeName) VALUES ('XYZ');
INSERT INTO CardType (CardTypeName) VALUES ('Pendulum');
INSERT INTO CardType (CardTypeName) VALUES ('Link');

-- Card Origin 
INSERT INTO CardOrigin (CardOriginName) VALUES ('Aqua');
INSERT INTO CardOrigin (CardOriginName) VALUES ('Beast');
INSERT INTO CardOrigin (CardOriginName) VALUES ('Beast-Warrior');
INSERT INTO CardOrigin (CardOriginName) VALUES ('Cyberse');
INSERT INTO CardOrigin (CardOriginName) VALUES ('Divine-Beast');
INSERT INTO CardOrigin (CardOriginName) VALUES ('Dragon');
INSERT INTO CardOrigin (CardOriginName) VALUES ('Fairy');
INSERT INTO CardOrigin (CardOriginName) VALUES ('Fiend');
INSERT INTO CardOrigin (CardOriginName) VALUES ('Machine');
INSERT INTO CardOrigin (CardOriginName) VALUES ('Psychic');
INSERT INTO CardOrigin (CardOriginName) VALUES ('Rock');
INSERT INTO CardOrigin (CardOriginName) VALUES ('Spellcaster');
INSERT INTO CardOrigin (CardOriginName) VALUES ('Warrior');
INSERT INTO CardOrigin (CardOriginName) VALUES ('Winged Beast');
INSERT INTO CardOrigin (CardOriginName) VALUES ('Zombie');
INSERT INTO CardOrigin (CardOriginName) VALUES ('Insect');
INSERT INTO CardOrigin (CardOriginName) VALUES ('Wyrm');
INSERT INTO CardOrigin (CardOriginName) VALUES ('Plant');

-- Card Elements
INSERT INTO CardElement (CardElementName) VALUES ('Light');
INSERT INTO CardElement (CardElementName) VALUES ('Dark');
INSERT INTO CardElement (CardElementName) VALUES ('Wind');
INSERT INTO CardElement (CardElementName) VALUES ('Fire');
INSERT INTO CardElement (CardElementName) VALUES ('Earth');
INSERT INTO CardElement (CardElementName) VALUES ('Water');
INSERT INTO CardElement (CardElementName) VALUES ('Divine');

-- Card Rarity 
INSERT INTO CardRarity (CardRarityName) VALUES ('N');
INSERT INTO CardRarity (CardRarityName) VALUES ('R');
INSERT INTO CardRarity (CardRarityName) VALUES ('SR');
INSERT INTO CardRarity (CardRarityName) VALUES ('UR');

--Card 
--Anh duoc lay tu https://ygoprodeck.com/
INSERT INTO Card (CardName, CardImageURL, CardTypeName, CardOriginName, CardElementName, CardRarityName) VALUES ('Ash Blossom & Joyous Spring', 'https://res.cloudinary.com/dslzbnfu8/image/upload/v1697265569/samples/YuGiOhCardStorage/14558127_twgwvf.jpg', 'Normal', 'Zombie', 'Fire', 'UR');
INSERT INTO Card (CardName, CardImageURL, CardTypeName, CardOriginName, CardElementName, CardRarityName) VALUES ('Kashtira Riseheart', 'https://res.cloudinary.com/dslzbnfu8/image/upload/v1697265572/samples/YuGiOhCardStorage/31149212_hrwkbo.jpg', 'Normal', 'Warrior', 'Fire', 'UR');
INSERT INTO Card (CardName, CardImageURL, CardTypeName, CardOriginName, CardElementName, CardRarityName) VALUES ('Kashtira Fenrir', 'https://res.cloudinary.com/dslzbnfu8/image/upload/v1697265617/samples/YuGiOhCardStorage/32909498_rnv8ew.jpg', 'Normal', 'Psychic', 'Earth', 'UR');
INSERT INTO Card (CardName, CardImageURL, CardTypeName, CardOriginName, CardElementName, CardRarityName) VALUES ('Kashtira Ogre', 'https://res.cloudinary.com/dslzbnfu8/image/upload/v1697265749/samples/YuGiOhCardStorage/94392192_qyycox.jpg', 'Normal', 'Psychic', 'Water', 'R');
INSERT INTO Card (CardName, CardImageURL, CardTypeName, CardOriginName, CardElementName, CardRarityName) VALUES ('Kashtira Unicorn', 'https://res.cloudinary.com/dslzbnfu8/image/upload/v1697265780/samples/YuGiOhCardStorage/68304193_hqn2qp.jpg', 'Normal', 'Psychic', 'Wind', 'UR');
INSERT INTO Card (CardName, CardImageURL, CardTypeName, CardOriginName, CardElementName, CardRarityName) VALUES ('Scareclaw Kashtira', 'https://res.cloudinary.com/dslzbnfu8/image/upload/v1697265791/samples/YuGiOhCardStorage/78534861_jrlkmg.jpg', 'Normal', 'Psychic', 'Earth', 'SR');
INSERT INTO Card (CardName, CardImageURL, CardTypeName, CardOriginName, CardElementName, CardRarityName) VALUES ('Harpie"s Feather Duster', 'https://res.cloudinary.com/dslzbnfu8/image/upload/v1697265862/samples/YuGiOhCardStorage/18144507_oa9lfa.jpg', 'Spell', NULL, NULL, 'UR' );
INSERT INTO Card (CardName, CardImageURL, CardTypeName, CardOriginName, CardElementName, CardRarityName) VALUES ('Reinforcement of the Army', 'https://res.cloudinary.com/dslzbnfu8/image/upload/v1697269317/samples/YuGiOhCardStorage/32807846_wbhxfq.jpg', 'Spell', NULL, NULL, 'UR');
INSERT INTO Card (CardName, CardImageURL, CardTypeName, CardOriginName, CardElementName, CardRarityName) VALUES ('Pot of Desires', 'https://res.cloudinary.com/dslzbnfu8/image/upload/v1697269350/samples/YuGiOhCardStorage/35261759_oyutwu.jpg', 'Spell', NULL, NULL, 'SR');
INSERT INTO Card (CardName, CardImageURL, CardTypeName, CardOriginName, CardElementName, CardRarityName) VALUES ('Dark Ruler No More', 'https://res.cloudinary.com/dslzbnfu8/image/upload/v1697269389/samples/YuGiOhCardStorage/54693926_yj5v2q.jpg', 'Spell', NULL, NULL, 'UR');
INSERT INTO Card (CardName, CardImageURL, CardTypeName, CardOriginName, CardElementName, CardRarityName) VALUES ('Triple Tactics Talent', 'https://res.cloudinary.com/dslzbnfu8/image/upload/v1697269426/samples/YuGiOhCardStorage/25311006_sf0kxq.jpg', 'Spell', NULL, NULL, 'UR');
INSERT INTO Card (CardName, CardImageURL, CardTypeName, CardOriginName, CardElementName, CardRarityName) VALUES ('Pot of Prosperity', 'https://res.cloudinary.com/dslzbnfu8/image/upload/v1697269464/samples/YuGiOhCardStorage/84211599_ag4nul.jpg', 'Spell', NULL, NULL, 'SR');
INSERT INTO Card (CardName, CardImageURL, CardTypeName, CardOriginName, CardElementName, CardRarityName) VALUES ('Kashtiratheosis', 'https://res.cloudinary.com/dslzbnfu8/image/upload/v1697269494/samples/YuGiOhCardStorage/34447918_y2f9ns.jpg', 'Spell', NULL, NULL, 'UR');
INSERT INTO Card (CardName, CardImageURL, CardTypeName, CardOriginName, CardElementName, CardRarityName) VALUES ('Triple Tactics Thrust', 'https://res.cloudinary.com/dslzbnfu8/image/upload/v1697269535/samples/YuGiOhCardStorage/35269904_r8c0h4.jpg', 'Spell', NULL, NULL, 'UR');
INSERT INTO Card (CardName, CardImageURL, CardTypeName, CardOriginName, CardElementName, CardRarityName) VALUES ('Pressured Planet Wraitsoth', 'https://res.cloudinary.com/dslzbnfu8/image/upload/v1697269562/samples/YuGiOhCardStorage/71832012_vqvewe.jpg', 'Spell', NULL, NULL, 'UR');
INSERT INTO Card (CardName, CardImageURL, CardTypeName, CardOriginName, CardElementName, CardRarityName) VALUES ('Kashtira Birth', 'https://res.cloudinary.com/dslzbnfu8/image/upload/v1697269586/samples/YuGiOhCardStorage/69540484_b6qa1d.jpg', 'Spell', NULL, NULL, 'SR');
INSERT INTO Card (CardName, CardImageURL, CardTypeName, CardOriginName, CardElementName, CardRarityName) VALUES ('Book of Moon', 'https://res.cloudinary.com/dslzbnfu8/image/upload/v1697269611/samples/YuGiOhCardStorage/14087893_qj3q3o.jpg', 'Spell', NULL, NULL, 'R');
INSERT INTO Card (CardName, CardImageURL, CardTypeName, CardOriginName, CardElementName, CardRarityName) VALUES ('Cosmic Cyclone', 'https://res.cloudinary.com/dslzbnfu8/image/upload/v1697269631/samples/YuGiOhCardStorage/8267140_vsxu8w.jpg', 'Spell', NULL, NULL, 'SR');
INSERT INTO Card (CardName, CardImageURL, CardTypeName, CardOriginName, CardElementName, CardRarityName) VALUES ('Called by the Grave', 'https://res.cloudinary.com/dslzbnfu8/image/upload/v1697269660/samples/YuGiOhCardStorage/24224830_jmcghl.jpg', 'Spell', NULL, NULL, 'UR');
INSERT INTO Card (CardName, CardImageURL, CardTypeName, CardOriginName, CardElementName, CardRarityName) VALUES ('Infinite Impermanence', 'https://res.cloudinary.com/dslzbnfu8/image/upload/v1697269697/samples/YuGiOhCardStorage/10045474_hucfv8.jpg', 'Trap', NULL, NULL, 'UR');
INSERT INTO Card (CardName, CardImageURL, CardTypeName, CardOriginName, CardElementName, CardRarityName) VALUES ('Kashtira Big Bang', 'https://res.cloudinary.com/dslzbnfu8/image/upload/v1697269721/samples/YuGiOhCardStorage/33925864_qmxqhi.jpg', 'Trap', NULL, NULL, 'SR');
INSERT INTO Card (CardName, CardImageURL, CardTypeName, CardOriginName, CardElementName, CardRarityName) VALUES ('Number 11: Big Eye', 'https://res.cloudinary.com/dslzbnfu8/image/upload/v1697269747/samples/YuGiOhCardStorage/80117527_szb4gm.jpg', 'XYZ', 'Spellcaster', 'Dark', 'SR');
INSERT INTO Card (CardName, CardImageURL, CardTypeName, CardOriginName, CardElementName, CardRarityName) VALUES ('Number 74: Master of Blades', 'https://res.cloudinary.com/dslzbnfu8/image/upload/v1697269772/samples/YuGiOhCardStorage/16037007_z2875f.jpg', 'XYZ', 'Psychic', 'Earth', 'R');
INSERT INTO Card (CardName, CardImageURL, CardTypeName, CardOriginName, CardElementName, CardRarityName) VALUES ('Red-Eyes Flare Metal Dragon', 'https://res.cloudinary.com/dslzbnfu8/image/upload/v1697269804/samples/YuGiOhCardStorage/44405066_vjscc6.jpg', 'XYZ', 'Dragon', 'Dark', 'SR');
INSERT INTO Card (CardName, CardImageURL, CardTypeName, CardOriginName, CardElementName, CardRarityName) VALUES ('Dark Armed, the Dragon of Annihilation', 'https://res.cloudinary.com/dslzbnfu8/image/upload/v1697269831/samples/YuGiOhCardStorage/78144171_dpgom5.jpg', 'XYZ', 'Dragon', 'Dark', 'R');
INSERT INTO Card (CardName, CardImageURL, CardTypeName, CardOriginName, CardElementName, CardRarityName) VALUES ('Kashtira Shangri-Ira', 'https://res.cloudinary.com/dslzbnfu8/image/upload/v1697270283/samples/YuGiOhCardStorage/73542331_iwrena.jpg', 'XYZ', 'Psychic', 'Fire', 'SR');
INSERT INTO Card (CardName, CardImageURL, CardTypeName, CardOriginName, CardElementName, CardRarityName) VALUES ('Kashtira Arise-Heart', 'https://res.cloudinary.com/dslzbnfu8/image/upload/v1697270307/samples/YuGiOhCardStorage/48626373_q50873.jpg', 'XYZ', 'Machine', 'Dark', 'UR');
INSERT INTO Card (CardName, CardImageURL, CardTypeName, CardOriginName, CardElementName, CardRarityName) VALUES ('Divine Arsenal AA-ZEUS - Sky Thunder', 'https://res.cloudinary.com/dslzbnfu8/image/upload/v1697270331/samples/YuGiOhCardStorage/90448279_o1a16y.jpg', 'XYZ', 'Machine', 'Light', 'UR');
INSERT INTO Card (CardName, CardImageURL, CardTypeName, CardOriginName, CardElementName, CardRarityName) VALUES ('Hiita the Fire Charmer, Ablaze', 'https://res.cloudinary.com/dslzbnfu8/image/upload/v1697270367/samples/YuGiOhCardStorage/48815792_t6n1it.jpg', 'Link', 'Spellcaster', 'Fire', 'SR');
INSERT INTO Card (CardName, CardImageURL, CardTypeName, CardOriginName, CardElementName, CardRarityName) VALUES ('Wynn the Wind Charmer, Verdant', 'https://res.cloudinary.com/dslzbnfu8/image/upload/v1697270393/samples/YuGiOhCardStorage/30674956_fqyvgg.jpg', 'Link', 'Spellcaster', 'Wind', 'SR');
INSERT INTO Card (CardName, CardImageURL, CardTypeName, CardOriginName, CardElementName, CardRarityName) VALUES ('Aussa the Earth Charmer, Immovable', 'https://res.cloudinary.com/dslzbnfu8/image/upload/v1697270421/samples/YuGiOhCardStorage/97661969_higa2n.jpg', 'Link', 'Spellcaster', 'Earth', 'SR');
INSERT INTO Card (CardName, CardImageURL, CardTypeName, CardOriginName, CardElementName, CardRarityName) VALUES ('Eria the Water Charmer, Gentle', 'https://res.cloudinary.com/dslzbnfu8/image/upload/v1697270447/samples/YuGiOhCardStorage/73309655_lma2a0.jpg', 'Link', 'Spellcaster', 'Water', 'SR');
INSERT INTO Card (CardName, CardImageURL, CardTypeName, CardOriginName, CardElementName, CardRarityName) VALUES ('Dharc the Dark Charmer, Gloomy', 'https://res.cloudinary.com/dslzbnfu8/image/upload/v1697270470/samples/YuGiOhCardStorage/8264361_o7orrm.jpg', 'Link', 'Spellcaster', 'Dark', 'SR');
INSERT INTO Card (CardName, CardImageURL, CardTypeName, CardOriginName, CardElementName, CardRarityName) VALUES ('Labrynth Cooclock', 'https://res.cloudinary.com/dslzbnfu8/image/upload/v1697270504/samples/YuGiOhCardStorage/2511_up7duk.jpg', 'Normal', 'Fiend', 'Dark', 'R');
INSERT INTO Card (CardName, CardImageURL, CardTypeName, CardOriginName, CardElementName, CardRarityName) VALUES ('Maxx "C"', 'https://res.cloudinary.com/dslzbnfu8/image/upload/v1697270524/samples/YuGiOhCardStorage/23434538_zjfuft.jpg', 'Normal', 'Insect', 'Earth', 'UR');
INSERT INTO Card (CardName, CardImageURL, CardTypeName, CardOriginName, CardElementName, CardRarityName) VALUES ('Labrynth Stovie Torbie', 'https://res.cloudinary.com/dslzbnfu8/image/upload/v1697270549/samples/YuGiOhCardStorage/74018812_sgfhrx.jpg', 'Normal', 'Fiend', 'Dark', 'N');
INSERT INTO Card (CardName, CardImageURL, CardTypeName, CardOriginName, CardElementName, CardRarityName) VALUES ('Labrynth Chandraglier', 'https://res.cloudinary.com/dslzbnfu8/image/upload/v1697270575/samples/YuGiOhCardStorage/37629703_sxjqw7.jpg', 'Normal', 'Fiend', 'Dark', 'N');
INSERT INTO Card (CardName, CardImageURL, CardTypeName, CardOriginName, CardElementName, CardRarityName) VALUES ('Arianna the Labrynth Servant', 'https://res.cloudinary.com/dslzbnfu8/image/upload/v1697270622/samples/YuGiOhCardStorage/1225009_phloha.jpg', 'Normal', 'Fiend', 'Dark', 'SR');
INSERT INTO Card (CardName, CardImageURL, CardTypeName, CardOriginName, CardElementName, CardRarityName) VALUES ('Lovely Labrynth of the Silver Castle', 'https://res.cloudinary.com/dslzbnfu8/image/upload/v1697270650/samples/YuGiOhCardStorage/2347656_llmcya.jpg', 'Normal', 'Fiend', 'Dark', 'UR');
INSERT INTO Card (CardName, CardImageURL, CardTypeName, CardOriginName, CardElementName, CardRarityName) VALUES ('Lady Labrynth of the Silver Castle', 'https://res.cloudinary.com/dslzbnfu8/image/upload/v1697270674/samples/YuGiOhCardStorage/81497285_zmryku.jpg', 'Normal', 'Fiend', 'Dark', 'UR');
INSERT INTO Card (CardName, CardImageURL, CardTypeName, CardOriginName, CardElementName, CardRarityName) VALUES ('Nibiru, the Primal Being', 'https://res.cloudinary.com/dslzbnfu8/image/upload/v1697270707/samples/YuGiOhCardStorage/27204311_yiutqp.jpg', 'Normal', 'Rock', 'Light', 'UR');
INSERT INTO Card (CardName, CardImageURL, CardTypeName, CardOriginName, CardElementName, CardRarityName) VALUES ('Pot of Extravagance', 'https://res.cloudinary.com/dslzbnfu8/image/upload/v1697270758/samples/YuGiOhCardStorage/49238328_aha9wj.jpg', 'Spell', NULL, NULL, 'SR');
INSERT INTO Card (CardName, CardImageURL, CardTypeName, CardOriginName, CardElementName, CardRarityName) VALUES ('Labrynth Labyrinth', 'https://res.cloudinary.com/dslzbnfu8/image/upload/v1697270781/samples/YuGiOhCardStorage/33407125_ootyag.jpg', 'Spell', NULL, NULL, 'SR');
INSERT INTO Card (CardName, CardImageURL, CardTypeName, CardOriginName, CardElementName, CardRarityName) VALUES ('Dimensional Barrier', 'https://res.cloudinary.com/dslzbnfu8/image/upload/v1697270808/samples/YuGiOhCardStorage/83326048_c5mzhj.jpg', 'Trap', NULL, NULL, 'SR');
INSERT INTO Card (CardName, CardImageURL, CardTypeName, CardOriginName, CardElementName, CardRarityName) VALUES ('Welcome Labrynth', 'https://res.cloudinary.com/dslzbnfu8/image/upload/v1697270843/samples/YuGiOhCardStorage/5380979_ilt8w9.jpg', 'Trap', NULL, NULL, 'UR');
INSERT INTO Card (CardName, CardImageURL, CardTypeName, CardOriginName, CardElementName, CardRarityName) VALUES ('Terrors of the Overroot', 'https://res.cloudinary.com/dslzbnfu8/image/upload/v1697270936/samples/YuGiOhCardStorage/63086455_obrryd.jpg', 'Trap', NULL, NULL, 'UR');
INSERT INTO Card (CardName, CardImageURL, CardTypeName, CardOriginName, CardElementName, CardRarityName) VALUES ('Big Welcome Labrynth', 'https://res.cloudinary.com/dslzbnfu8/image/upload/v1697270866/samples/YuGiOhCardStorage/92714517_gylxef.jpg', 'Trap', NULL, NULL, 'UR');
INSERT INTO Card (CardName, CardImageURL, CardTypeName, CardOriginName, CardElementName, CardRarityName) VALUES ('Destructive Daruma Karma Cannon', 'https://res.cloudinary.com/dslzbnfu8/image/upload/v1697271053/samples/YuGiOhCardStorage/30748475_vbrlju.jpg', 'Trap', NULL, NULL, 'UR');
INSERT INTO Card (CardName, CardImageURL, CardTypeName, CardOriginName, CardElementName, CardRarityName) VALUES ('Skill Drain', 'https://res.cloudinary.com/dslzbnfu8/image/upload/v1697271082/samples/YuGiOhCardStorage/82732705_g2wbib.jpg', 'Trap', NULL, NULL, 'SR');
INSERT INTO Card (CardName, CardImageURL, CardTypeName, CardOriginName, CardElementName, CardRarityName) VALUES ('Effect Veiler', 'https://res.cloudinary.com/dslzbnfu8/image/upload/v1697271101/samples/YuGiOhCardStorage/97268402_dtlnpw.jpg', 'Normal', 'Spellcaster', 'Light', 'UR');
INSERT INTO Card (CardName, CardImageURL, CardTypeName, CardOriginName, CardElementName, CardRarityName) VALUES ('Black Metal Dragon', 'https://res.cloudinary.com/dslzbnfu8/image/upload/v1697271128/samples/YuGiOhCardStorage/93969023_a9fjcb.jpg', 'Normal', 'Dragon', 'Dark', 'UR');
INSERT INTO Card (CardName, CardImageURL, CardTypeName, CardOriginName, CardElementName, CardRarityName) VALUES ('PSY-Framegear Gamma', 'https://res.cloudinary.com/dslzbnfu8/image/upload/v1697271406/samples/YuGiOhCardStorage/38814750_jiua78.jpg', 'Normal', 'Psychic', 'Light', 'SR');
INSERT INTO Card (CardName, CardImageURL, CardTypeName, CardOriginName, CardElementName, CardRarityName) VALUES ('PSY-Frame Driver', 'https://res.cloudinary.com/dslzbnfu8/image/upload/v1697271471/samples/YuGiOhCardStorage/49036338_u5qv6g.jpg', 'Normal', 'Psychic', 'Light', 'N');
INSERT INTO Card (CardName, CardImageURL, CardTypeName, CardOriginName, CardElementName, CardRarityName) VALUES ('White Dragon Wyverburster', 'https://res.cloudinary.com/dslzbnfu8/image/upload/v1697271521/samples/YuGiOhCardStorage/99234526_zz0qu5.jpg', 'Normal', 'Dragon', 'Light', 'SR');
INSERT INTO Card (CardName, CardImageURL, CardTypeName, CardOriginName, CardElementName, CardRarityName) VALUES ('Black Dragon Collapserpent', 'https://res.cloudinary.com/dslzbnfu8/image/upload/v1697271525/samples/YuGiOhCardStorage/61901281_fqxpm9.jpg', 'Normal', 'Dragon', 'Dark', 'SR');
INSERT INTO Card (CardName, CardImageURL, CardTypeName, CardOriginName, CardElementName, CardRarityName) VALUES ('Rokket Recharger', 'https://res.cloudinary.com/dslzbnfu8/image/upload/v1697271553/samples/YuGiOhCardStorage/5969957_bg4fpq.jpg', 'Normal', 'Dragon', 'Dark', 'N');
INSERT INTO Card (CardName, CardImageURL, CardTypeName, CardOriginName, CardElementName, CardRarityName) VALUES ('Rokket Tracer', 'https://res.cloudinary.com/dslzbnfu8/image/upload/v1697271585/samples/YuGiOhCardStorage/68464358_gr4dga.jpg', 'Normal', 'Dragon', 'Dark', 'SR');
INSERT INTO Card (CardName, CardImageURL, CardTypeName, CardOriginName, CardElementName, CardRarityName) VALUES ('Rokket Synchron', 'https://res.cloudinary.com/dslzbnfu8/image/upload/v1697271629/samples/YuGiOhCardStorage/48355999_h0366g.jpg', 'Normal', 'Dragon', 'Dark', 'SR');
INSERT INTO Card (CardName, CardImageURL, CardTypeName, CardOriginName, CardElementName, CardRarityName) VALUES ('Starliege Seyfert', 'https://res.cloudinary.com/dslzbnfu8/image/upload/v1697271690/samples/YuGiOhCardStorage/15381421_ucgypv.jpg', 'Normal', 'Dragon', 'Light', 'SR');
INSERT INTO Card (CardName, CardImageURL, CardTypeName, CardOriginName, CardElementName, CardRarityName) VALUES ('Red-Eyes Black Meteor Dragon', 'https://res.cloudinary.com/dslzbnfu8/image/upload/v1697271251/samples/YuGiOhCardStorage/27657173_rkudja.jpg', 'Normal', 'Dragon', 'Dark', 'SR');
INSERT INTO Card (CardName, CardImageURL, CardTypeName, CardOriginName, CardElementName, CardRarityName) VALUES ('Bystial Druiswurm', 'https://res.cloudinary.com/dslzbnfu8/image/upload/v1697272066/samples/YuGiOhCardStorage/6637331_ckbqgc.jpg', 'Normal', 'Dragon', 'Dark', 'SR');
INSERT INTO Card (CardName, CardImageURL, CardTypeName, CardOriginName, CardElementName, CardRarityName) VALUES ('Bystial Baldrake', 'https://res.cloudinary.com/dslzbnfu8/image/upload/v1697272107/samples/YuGiOhCardStorage/72656408_sft6oe.jpg', 'Normal', 'Dragon', 'Dark', 'SR');
INSERT INTO Card (CardName, CardImageURL, CardTypeName, CardOriginName, CardElementName, CardRarityName) VALUES ('Bystial Saronir', 'https://res.cloudinary.com/dslzbnfu8/image/upload/v1697272132/samples/YuGiOhCardStorage/60242223_tqw7vf.jpg', 'Normal', 'Dragon', 'Dark', 'SR');
INSERT INTO Card (CardName, CardImageURL, CardTypeName, CardOriginName, CardElementName, CardRarityName) VALUES ('Bystial Magnamhut', 'https://res.cloudinary.com/dslzbnfu8/image/upload/v1697272250/samples/YuGiOhCardStorage/33854624_sblw8o.jpg', 'Normal', 'Dragon', 'Dark', 'SR');
INSERT INTO Card (CardName, CardImageURL, CardTypeName, CardOriginName, CardElementName, CardRarityName) VALUES ('Absorouter Dragon', 'https://res.cloudinary.com/dslzbnfu8/image/upload/v1697272392/samples/YuGiOhCardStorage/67748760_tjm2bo.jpg', 'Normal', 'Dragon', 'Dark', 'SR');
INSERT INTO Card (CardName, CardImageURL, CardTypeName, CardOriginName, CardElementName, CardRarityName) VALUES ('Chaos Dragon Levianeer', 'https://res.cloudinary.com/dslzbnfu8/image/upload/v1697272419/samples/YuGiOhCardStorage/55878038_w4lfsu.jpg', 'Normal', 'Dragon', 'Dark', 'UR');
INSERT INTO Card (CardName, CardImageURL, CardTypeName, CardOriginName, CardElementName, CardRarityName) VALUES ('Red-Eyes Darkness Metal Dragon', 'https://res.cloudinary.com/dslzbnfu8/image/upload/v1697272475/samples/YuGiOhCardStorage/88264978_t2nmlh.jpg', 'Normal', 'Dragon', 'Dark', 'UR');
INSERT INTO Card (CardName, CardImageURL, CardTypeName, CardOriginName, CardElementName, CardRarityName) VALUES ('The Bystial Lubellion', 'https://res.cloudinary.com/dslzbnfu8/image/upload/v1697272502/samples/YuGiOhCardStorage/32731036_nnmuhl.jpg', 'Normal', 'Dragon', 'Light', 'UR');
INSERT INTO Card (CardName, CardImageURL, CardTypeName, CardOriginName, CardElementName, CardRarityName) VALUES ('Chaos Space', 'https://res.cloudinary.com/dslzbnfu8/image/upload/v1697272529/samples/YuGiOhCardStorage/99266988_z2q1kz.jpg', 'Spell', NULL, NULL, 'SR');
INSERT INTO Card (CardName, CardImageURL, CardTypeName, CardOriginName, CardElementName, CardRarityName) VALUES ('Branded Regained', 'https://res.cloudinary.com/dslzbnfu8/image/upload/v1697272555/samples/YuGiOhCardStorage/34090915_pzpyft.jpg', 'Spell', NULL, NULL, 'SR');
INSERT INTO Card (CardName, CardImageURL, CardTypeName, CardOriginName, CardElementName, CardRarityName) VALUES ('Boot Sector Launch', 'https://res.cloudinary.com/dslzbnfu8/image/upload/v1697272585/samples/YuGiOhCardStorage/36668118_msnitn.jpg', 'Spell', NULL, NULL, 'SR');
INSERT INTO Card (CardName, CardImageURL, CardTypeName, CardOriginName, CardElementName, CardRarityName) VALUES ('Dragon Ravine', 'https://res.cloudinary.com/dslzbnfu8/image/upload/v1697272617/samples/YuGiOhCardStorage/62265044_akxj7e.jpg', 'Spell', NULL, NULL, 'UR');
INSERT INTO Card (CardName, CardImageURL, CardTypeName, CardOriginName, CardElementName, CardRarityName) VALUES ('Quick Launch', 'https://res.cloudinary.com/dslzbnfu8/image/upload/v1697272648/samples/YuGiOhCardStorage/31443476_xv6web.jpg', 'Spell', NULL, NULL, 'SR');
INSERT INTO Card (CardName, CardImageURL, CardTypeName, CardOriginName, CardElementName, CardRarityName) VALUES ('Branded Beast', 'https://res.cloudinary.com/dslzbnfu8/image/upload/v1697272682/samples/YuGiOhCardStorage/32756828_tdil6f.jpg', 'Trap', NULL, NULL, 'R');
INSERT INTO Card (CardName, CardImageURL, CardTypeName, CardOriginName, CardElementName, CardRarityName) VALUES ('Borreload Savage Dragon', 'https://res.cloudinary.com/dslzbnfu8/image/upload/v1697272711/samples/YuGiOhCardStorage/27548199_uljtcu.jpg', 'Synchro', 'Dragon', 'Dark', 'UR');
INSERT INTO Card (CardName, CardImageURL, CardTypeName, CardOriginName, CardElementName, CardRarityName) VALUES ('Chaos Ruler, the Chaotic Magical Dragon', 'https://res.cloudinary.com/dslzbnfu8/image/upload/v1697273951/samples/YuGiOhCardStorage/3040496_lls5e8.jpg', 'Synchro', 'Dragon', 'Dark', 'UR');
INSERT INTO Card (CardName, CardImageURL, CardTypeName, CardOriginName, CardElementName, CardRarityName) VALUES ('Hot Red Dragon Archfiend Abyss', 'https://res.cloudinary.com/dslzbnfu8/image/upload/v1697273979/samples/YuGiOhCardStorage/9753964_m0u8n5.jpg', 'Synchro', 'Dragon', 'Dark', 'UR');
INSERT INTO Card (CardName, CardImageURL, CardTypeName, CardOriginName, CardElementName, CardRarityName) VALUES ('Chaos Angel', 'https://res.cloudinary.com/dslzbnfu8/image/upload/v1697274004/samples/YuGiOhCardStorage/22850702_xrzhua.jpg', 'Synchro', 'Fiend', 'Dark', 'UR');
INSERT INTO Card (CardName, CardImageURL, CardTypeName, CardOriginName, CardElementName, CardRarityName) VALUES ('Baronne de Fleur', 'https://res.cloudinary.com/dslzbnfu8/image/upload/v1697274037/samples/YuGiOhCardStorage/84815190_bkrkjp.jpg', 'Synchro', 'Warrior', 'Wind', 'UR');
INSERT INTO Card (CardName, CardImageURL, CardTypeName, CardOriginName, CardElementName, CardRarityName) VALUES ('Guardragon Pisty', 'https://res.cloudinary.com/dslzbnfu8/image/upload/v1697274121/samples/YuGiOhCardStorage/13143275_udpf3p.jpg', 'Link', 'Dragon', 'Dark', 'R');
INSERT INTO Card (CardName, CardImageURL, CardTypeName, CardOriginName, CardElementName, CardRarityName) VALUES ('Striker Dragon', 'https://res.cloudinary.com/dslzbnfu8/image/upload/v1697274159/samples/YuGiOhCardStorage/73539069_bibtrq.jpg', 'Link', 'Dragon', 'Dark', 'SR');
INSERT INTO Card (CardName, CardImageURL, CardTypeName, CardOriginName, CardElementName, CardRarityName) VALUES ('Hieratic Seal of the Heavenly Spheres', 'https://res.cloudinary.com/dslzbnfu8/image/upload/v1697274383/samples/YuGiOhCardStorage/24361622_j0hyrc.jpg', 'Link', 'Dragon', 'Light', 'UR');
INSERT INTO Card (CardName, CardImageURL, CardTypeName, CardOriginName, CardElementName, CardRarityName) VALUES ('Dragunity Knight - Romulus', 'https://res.cloudinary.com/dslzbnfu8/image/upload/v1697274414/samples/YuGiOhCardStorage/11969228_om6ngy.jpg', 'Link', 'Dragon', 'Wind', 'R');
INSERT INTO Card (CardName, CardImageURL, CardTypeName, CardOriginName, CardElementName, CardRarityName) VALUES ('I:P Masquerena', 'https://res.cloudinary.com/dslzbnfu8/image/upload/v1697274459/samples/YuGiOhCardStorage/65741786_ja8vek.jpg', 'Link', 'Cyberse', 'Dark', 'UR');
INSERT INTO Card (CardName, CardImageURL, CardTypeName, CardOriginName, CardElementName, CardRarityName) VALUES ('Triple Burst Dragon', 'https://res.cloudinary.com/dslzbnfu8/image/upload/v1697274487/samples/YuGiOhCardStorage/49725936_op7gbz.jpg', 'Link', 'Dragon', 'Dark', 'R');
INSERT INTO Card (CardName, CardImageURL, CardTypeName, CardOriginName, CardElementName, CardRarityName) VALUES ('Knightmare Unicorn', 'https://res.cloudinary.com/dslzbnfu8/image/upload/v1697274533/samples/YuGiOhCardStorage/38342335_hygxji.jpg', 'Link', 'Fiend', 'Dark', 'UR');
INSERT INTO Card (CardName, CardImageURL, CardTypeName, CardOriginName, CardElementName, CardRarityName) VALUES ('Borrelend Dragon', 'https://res.cloudinary.com/dslzbnfu8/image/upload/v1697274558/samples/YuGiOhCardStorage/98630720_tao6ly.jpg', 'Link', 'Dragon', 'Dark', 'UR');
INSERT INTO Card (CardName, CardImageURL, CardTypeName, CardOriginName, CardElementName, CardRarityName) VALUES ('Despian Tragedy', 'https://res.cloudinary.com/dslzbnfu8/image/upload/v1697274619/samples/YuGiOhCardStorage/36577931_ph0bg5.jpg', 'Normal', 'Fairy', 'Dark', 'N');
INSERT INTO Card (CardName, CardImageURL, CardTypeName, CardOriginName, CardElementName, CardRarityName) VALUES ('Fallen of Albaz', 'https://res.cloudinary.com/dslzbnfu8/image/upload/v1697274650/samples/YuGiOhCardStorage/68468459_rmpodg.jpg', 'Normal', 'Dragon', 'Dark', 'SR');
INSERT INTO Card (CardName, CardImageURL, CardTypeName, CardOriginName, CardElementName, CardRarityName) VALUES ('Aluber the Jester of Despia', 'https://res.cloudinary.com/dslzbnfu8/image/upload/v1697274901/samples/YuGiOhCardStorage/62962630_hjhy47.jpg', 'Normal', 'Dragon', 'Dark', 'SR');
INSERT INTO Card (CardName, CardImageURL, CardTypeName, CardOriginName, CardElementName, CardRarityName) VALUES ('Springans Kitt', 'https://res.cloudinary.com/dslzbnfu8/image/upload/v1697274923/samples/YuGiOhCardStorage/45484331_ygqmvs.jpg', 'Normal', 'Beast', 'Dark', 'R');
INSERT INTO Card (CardName, CardImageURL, CardTypeName, CardOriginName, CardElementName, CardRarityName) VALUES ('Tri-Brigade Mercourier', 'https://res.cloudinary.com/dslzbnfu8/image/upload/v1697274941/samples/YuGiOhCardStorage/19096726_rvfjdc.jpg', 'Normal', 'Winged Beast', 'Dark', 'UR');
INSERT INTO Card (CardName, CardImageURL, CardTypeName, CardOriginName, CardElementName, CardRarityName) VALUES ('Blazing Cartesia, the Virtuous', 'https://res.cloudinary.com/dslzbnfu8/image/upload/v1697275678/samples/YuGiOhCardStorage/r3ilbi.png', 'Normal', 'Spellcaster', 'Light', 'UR');
INSERT INTO Card (CardName, CardImageURL, CardTypeName, CardOriginName, CardElementName, CardRarityName) VALUES ('Albion the Shrouded Dragon', 'https://res.cloudinary.com/dslzbnfu8/image/upload/v1697275189/samples/YuGiOhCardStorage/25451383_eit6xy.jpg', 'Normal', 'Dragon', 'Dark', 'R');
INSERT INTO Card (CardName, CardImageURL, CardTypeName, CardOriginName, CardElementName, CardRarityName) VALUES ('Fusion Deployment', 'https://res.cloudinary.com/dslzbnfu8/image/upload/v1697275250/samples/YuGiOhCardStorage/6498706_jssewn.jpg', 'Spell', NULL, NULL, 'UR');
INSERT INTO Card (CardName, CardImageURL, CardTypeName, CardOriginName, CardElementName, CardRarityName) VALUES ('Branded in White', 'https://res.cloudinary.com/dslzbnfu8/image/upload/v1697275273/samples/YuGiOhCardStorage/34995106_irznkp.jpg', 'Spell', NULL, NULL, 'SR');
INSERT INTO Card (CardName, CardImageURL, CardTypeName, CardOriginName, CardElementName, CardRarityName) VALUES ('Branded in Red', 'https://res.cloudinary.com/dslzbnfu8/image/upload/v1697275295/samples/YuGiOhCardStorage/82738008_vam9ss.jpg', 'Spell', NULL, NULL, 'R');
INSERT INTO Card (CardName, CardImageURL, CardTypeName, CardOriginName, CardElementName, CardRarityName) VALUES ('Branded Fusion', 'https://res.cloudinary.com/dslzbnfu8/image/upload/v1697275401/samples/YuGiOhCardStorage/44362883_nbtn0a.jpg', 'Spell', NULL, NULL, 'UR');
INSERT INTO Card (CardName, CardImageURL, CardTypeName, CardOriginName, CardElementName, CardRarityName) VALUES ('Foolish Burial', 'https://res.cloudinary.com/dslzbnfu8/image/upload/v1697275438/samples/YuGiOhCardStorage/81439173_jbclvv.jpg', 'Spell', NULL, NULL, 'UR');
INSERT INTO Card (CardName, CardImageURL, CardTypeName, CardOriginName, CardElementName, CardRarityName) VALUES ('Branded Lost', 'https://res.cloudinary.com/dslzbnfu8/image/upload/v1697275474/samples/YuGiOhCardStorage/18973184_xdlkcd.jpg', 'Spell', NULL, NULL, 'UR');
INSERT INTO Card (CardName, CardImageURL, CardTypeName, CardOriginName, CardElementName, CardRarityName) VALUES ('Super Polymerization', 'https://res.cloudinary.com/dslzbnfu8/image/upload/v1697275784/samples/YuGiOhCardStorage/48130397_skbrrl.jpg', 'Spell', NULL, NULL, 'UR');
INSERT INTO Card (CardName, CardImageURL, CardTypeName, CardOriginName, CardElementName, CardRarityName) VALUES ('Branded Opening', 'https://res.cloudinary.com/dslzbnfu8/image/upload/v1697275809/samples/YuGiOhCardStorage/36637374_t0hfel.jpg', 'Spell', NULL, NULL, 'N');
INSERT INTO Card (CardName, CardImageURL, CardTypeName, CardOriginName, CardElementName, CardRarityName) VALUES ('Branded Banishment', 'https://res.cloudinary.com/dslzbnfu8/image/upload/v1697275834/samples/YuGiOhCardStorage/6763530_m0mzbz.jpg', 'Trap', NULL, NULL, 'SR');
INSERT INTO Card (CardName, CardImageURL, CardTypeName, CardOriginName, CardElementName, CardRarityName) VALUES ('Branded Retribution', 'https://res.cloudinary.com/dslzbnfu8/image/upload/v1697275921/samples/YuGiOhCardStorage/17751597_eorepf.jpg', 'Trap', NULL, NULL, 'R');
INSERT INTO Card (CardName, CardImageURL, CardTypeName, CardOriginName, CardElementName, CardRarityName) VALUES ('Guardian Chimera', 'https://res.cloudinary.com/dslzbnfu8/image/upload/v1697275956/samples/YuGiOhCardStorage/11321089_lwenwa.jpg', 'Fusion', 'Beast', 'Dark', 'UR');
INSERT INTO Card (CardName, CardImageURL, CardTypeName, CardOriginName, CardElementName, CardRarityName) VALUES ('Brigrand the Glory Dragon', 'https://res.cloudinary.com/dslzbnfu8/image/upload/v1697276120/samples/YuGiOhCardStorage/34848821_yotlfg.jpg', 'Fusion', 'Beast', 'Dark', 'R');
INSERT INTO Card (CardName, CardImageURL, CardTypeName, CardOriginName, CardElementName, CardRarityName) VALUES ('Sprind the Irondash Dragon', 'https://res.cloudinary.com/dslzbnfu8/image/upload/v1697276171/samples/YuGiOhCardStorage/1906812_vzqcsb.jpg', 'Fusion', 'Machine', 'Dark', 'R');
INSERT INTO Card (CardName, CardImageURL, CardTypeName, CardOriginName, CardElementName, CardRarityName) VALUES ('Albion the Branded Dragon', 'https://res.cloudinary.com/dslzbnfu8/image/upload/v1697277116/samples/YuGiOhCardStorage/87746184_afgflp.jpg', 'Fusion', 'Dragon', 'Dark', 'UR');
INSERT INTO Card (CardName, CardImageURL, CardTypeName, CardOriginName, CardElementName, CardRarityName) VALUES ('Masquerade the Blazing Dragon', 'https://res.cloudinary.com/dslzbnfu8/image/upload/v1697277135/samples/YuGiOhCardStorage/6855503_mudnqp.jpg', 'Fusion', 'Fiend', 'Dark', 'UR');
INSERT INTO Card (CardName, CardImageURL, CardTypeName, CardOriginName, CardElementName, CardRarityName) VALUES ('Mirrorjade the Iceblade Dragon', 'https://res.cloudinary.com/dslzbnfu8/image/upload/v1697277205/samples/YuGiOhCardStorage/44146295_nrdc0n.jpg', 'Fusion', 'Wyrm', 'Dark', 'UR');
INSERT INTO Card (CardName, CardImageURL, CardTypeName, CardOriginName, CardElementName, CardRarityName) VALUES ('Lubellion the Searing Dragon', 'https://res.cloudinary.com/dslzbnfu8/image/upload/v1697277225/samples/YuGiOhCardStorage/70534340_wvvfiw.jpg', 'Fusion', 'Dragon', 'Light', 'UR');
INSERT INTO Card (CardName, CardImageURL, CardTypeName, CardOriginName, CardElementName, CardRarityName) VALUES ('Granguignol the Dusk Dragon', 'https://res.cloudinary.com/dslzbnfu8/image/upload/v1697277250/samples/YuGiOhCardStorage/24915933_mk0xlq.jpg', 'Fusion', 'Spellcaster', 'Light', 'UR');
INSERT INTO Card (CardName, CardImageURL, CardTypeName, CardOriginName, CardElementName, CardRarityName) VALUES ('Rindbrumm the Striking Dragon', 'https://res.cloudinary.com/dslzbnfu8/image/upload/v1697277269/samples/YuGiOhCardStorage/51409648_aotxs5.jpg', 'Fusion', 'Winged Beast', 'Dark', 'UR');
INSERT INTO Card (CardName, CardImageURL, CardTypeName, CardOriginName, CardElementName, CardRarityName) VALUES ('Despian Proskenion', 'https://res.cloudinary.com/dslzbnfu8/image/upload/v1697278857/samples/YuGiOhCardStorage/18666161_ongtyb.jpg', 'Fusion', 'Fiend', 'Light', 'R');
INSERT INTO Card (CardName, CardImageURL, CardTypeName, CardOriginName, CardElementName, CardRarityName) VALUES ('Dark Magician', 'https://res.cloudinary.com/dslzbnfu8/image/upload/v1697285603/samples/YuGiOhCardStorage/46986414_mfpaf5.jpg', 'Normal', 'Spellcaster', 'Dark', 'UR');
INSERT INTO Card (CardName, CardImageURL, CardTypeName, CardOriginName, CardElementName, CardRarityName) VALUES ('Magician''s Souls', 'https://res.cloudinary.com/dslzbnfu8/image/upload/v1697285654/samples/YuGiOhCardStorage/97631303_jcfksy.jpg', 'Normal', 'Spellcaster', 'Dark', 'UR');
INSERT INTO Card (CardName, CardImageURL, CardTypeName, CardOriginName, CardElementName, CardRarityName) VALUES ('Magician''s Rod', 'https://res.cloudinary.com/dslzbnfu8/image/upload/v1697285674/samples/YuGiOhCardStorage/7084129_kbsstm.jpg', 'Normal', 'Spellcaster', 'Dark', 'R');
INSERT INTO Card (CardName, CardImageURL, CardTypeName, CardOriginName, CardElementName, CardRarityName) VALUES ('Timaeus the United Dragon', 'https://res.cloudinary.com/dslzbnfu8/image/upload/v1697285703/samples/YuGiOhCardStorage/3078380_auvbsr.jpg', 'Normal', 'Dragon', 'Light', 'SR');
INSERT INTO Card (CardName, CardImageURL, CardTypeName, CardOriginName, CardElementName, CardRarityName) VALUES ('Illusion of Chaos', 'https://res.cloudinary.com/dslzbnfu8/image/upload/v1697285730/samples/YuGiOhCardStorage/12266229_nvsxd7.jpg', 'Ritual', 'Spellcaster', 'Dark', 'UR');
INSERT INTO Card (CardName, CardImageURL, CardTypeName, CardOriginName, CardElementName, CardRarityName) VALUES ('Allure of Darkness', 'https://res.cloudinary.com/dslzbnfu8/image/upload/v1697285750/samples/YuGiOhCardStorage/1475311_omqpo2.jpg', 'Spell', NULL, NULL, 'SR');
INSERT INTO Card (CardName, CardImageURL, CardTypeName, CardOriginName, CardElementName, CardRarityName) VALUES ('Preparation of Rites', 'https://res.cloudinary.com/dslzbnfu8/image/upload/v1697285812/samples/YuGiOhCardStorage/96729612_sosxnq.jpg', 'Spell', NULL, NULL, 'SR');
INSERT INTO Card (CardName, CardImageURL, CardTypeName, CardOriginName, CardElementName, CardRarityName) VALUES ('Magician''s Salvation', 'https://res.cloudinary.com/dslzbnfu8/image/upload/v1697285858/samples/YuGiOhCardStorage/95477924_xkweax.jpg', 'Spell', NULL, NULL, 'SR');
INSERT INTO Card (CardName, CardImageURL, CardTypeName, CardOriginName, CardElementName, CardRarityName) VALUES ('Dark Magical Circle', 'https://res.cloudinary.com/dslzbnfu8/image/upload/v1697285910/samples/YuGiOhCardStorage/47222536_o8dekm.jpg', 'Spell', NULL, NULL, 'SR');
INSERT INTO Card (CardName, CardImageURL, CardTypeName, CardOriginName, CardElementName, CardRarityName) VALUES ('Secrets of Dark Magic', 'https://res.cloudinary.com/dslzbnfu8/image/upload/v1697285935/samples/YuGiOhCardStorage/59514116_qoh1yy.jpg', 'Spell', NULL, NULL, 'N');
INSERT INTO Card (CardName, CardImageURL, CardTypeName, CardOriginName, CardElementName, CardRarityName) VALUES ('Soul Servant', 'https://res.cloudinary.com/dslzbnfu8/image/upload/v1697285956/samples/YuGiOhCardStorage/23020408_m5djiv.jpg', 'Spell', NULL, NULL, 'UR');
INSERT INTO Card (CardName, CardImageURL, CardTypeName, CardOriginName, CardElementName, CardRarityName) VALUES ('Eternal Soul', 'https://res.cloudinary.com/dslzbnfu8/image/upload/v1697285996/samples/YuGiOhCardStorage/48680970_oxvvcl.jpg', 'Trap', NULL, NULL, 'R');
INSERT INTO Card (CardName, CardImageURL, CardTypeName, CardOriginName, CardElementName, CardRarityName) VALUES ('Predaplant Dragostapelia', 'https://res.cloudinary.com/dslzbnfu8/image/upload/v1697286018/samples/YuGiOhCardStorage/69946549_rw2hbo.jpg', 'Fusion', 'Plant', 'Dark', 'SR');
INSERT INTO Card (CardName, CardImageURL, CardTypeName, CardOriginName, CardElementName, CardRarityName) VALUES ('Dark Magician the Dragon Knight', 'https://res.cloudinary.com/dslzbnfu8/image/upload/v1697286057/samples/YuGiOhCardStorage/41721210_op2k5z.jpg', 'Fusion', 'Dragon', 'Dark', 'SR');
INSERT INTO Card (CardName, CardImageURL, CardTypeName, CardOriginName, CardElementName, CardRarityName) VALUES ('Dark Cavalry', 'https://res.cloudinary.com/dslzbnfu8/image/upload/v1697286081/samples/YuGiOhCardStorage/73452089_ziuzoa.jpg', 'Fusion', 'Spellcaster', 'Dark', 'SR');
INSERT INTO Card (CardName, CardImageURL, CardTypeName, CardOriginName, CardElementName, CardRarityName) VALUES ('The Dark Magicians', 'https://res.cloudinary.com/dslzbnfu8/image/upload/v1697286107/samples/YuGiOhCardStorage/50237654_wbknyl.jpg', 'Fusion', 'Spellcaster', 'Dark', 'UR');
INSERT INTO Card (CardName, CardImageURL, CardTypeName, CardOriginName, CardElementName, CardRarityName) VALUES ('Master of Chaos', 'https://res.cloudinary.com/dslzbnfu8/image/upload/v1697286131/samples/YuGiOhCardStorage/85059922_fqy2y3.jpg', 'Fusion', 'Spellcaster', 'Dark', 'UR');
INSERT INTO Card (CardName, CardImageURL, CardTypeName, CardOriginName, CardElementName, CardRarityName) VALUES ('Predaplant Triphyoverutum', 'https://res.cloudinary.com/dslzbnfu8/image/upload/v1697286155/samples/YuGiOhCardStorage/79864860_luvurl.jpg', 'Fusion', 'Plant', 'Dark', 'SR');
INSERT INTO Card (CardName, CardImageURL, CardTypeName, CardOriginName, CardElementName, CardRarityName) VALUES ('Dark Magician Girl', 'https://res.cloudinary.com/dslzbnfu8/image/upload/v1697286263/samples/YuGiOhCardStorage/38033122_slxmfy.jpg', 'Normal', 'Spellcaster', 'Dark', 'SR');
INSERT INTO Card (CardName, CardImageURL, CardTypeName, CardOriginName, CardElementName, CardRarityName) VALUES ('Blue-Eyes White Dragon', 'https://res.cloudinary.com/dslzbnfu8/image/upload/v1697286347/samples/YuGiOhCardStorage/89631139_jr5rox.jpg', 'Normal', 'Dragon', 'Light', 'UR');
INSERT INTO Card (CardName, CardImageURL, CardTypeName, CardOriginName, CardElementName, CardRarityName) VALUES ('Deep-Eyes White Dragon', 'https://res.cloudinary.com/dslzbnfu8/image/upload/v1697286370/samples/YuGiOhCardStorage/22804410_miiykv.jpg', 'Normal', 'Dragon', 'Light', 'SR');
INSERT INTO Card (CardName, CardImageURL, CardTypeName, CardOriginName, CardElementName, CardRarityName) VALUES ('Blue-Eyes Alternative White Dragon', 'https://res.cloudinary.com/dslzbnfu8/image/upload/v1697286435/samples/YuGiOhCardStorage/38517737_oppgej.jpg', 'Normal', 'Dragon', 'Light', 'UR');
INSERT INTO Card (CardName, CardImageURL, CardTypeName, CardOriginName, CardElementName, CardRarityName) VALUES ('Blue-Eyes Abyss Dragon', 'https://res.cloudinary.com/dslzbnfu8/image/upload/v1697286458/samples/YuGiOhCardStorage/64202399_t0w6ul.jpg', 'Normal', 'Dragon', 'Light', 'UR');
INSERT INTO Card (CardName, CardImageURL, CardTypeName, CardOriginName, CardElementName, CardRarityName) VALUES ('Dragon Spirit of White', 'https://res.cloudinary.com/dslzbnfu8/image/upload/v1697286519/samples/YuGiOhCardStorage/45467446_a5jamq.jpg', 'Normal', 'Dragon', 'Light', 'SR');
INSERT INTO Card (CardName, CardImageURL, CardTypeName, CardOriginName, CardElementName, CardRarityName) VALUES ('The White Stone of Ancients', 'https://res.cloudinary.com/dslzbnfu8/image/upload/v1697286547/samples/YuGiOhCardStorage/71039903_h88kip.jpg', 'Normal', 'Dragon', 'Light', 'SR');
INSERT INTO Card (CardName, CardImageURL, CardTypeName, CardOriginName, CardElementName, CardRarityName) VALUES ('The White Stone of Legend', 'https://res.cloudinary.com/dslzbnfu8/image/upload/v1697286586/samples/YuGiOhCardStorage/79814787_hcry3a.jpg', 'Normal', 'Dragon', 'Light', 'R');
INSERT INTO Card (CardName, CardImageURL, CardTypeName, CardOriginName, CardElementName, CardRarityName) VALUES ('Sage with Eyes of Blue', 'https://res.cloudinary.com/dslzbnfu8/image/upload/v1697286627/samples/YuGiOhCardStorage/8240199_xrnc5t.jpg', 'Normal', 'Spellcaster', 'Light', 'SR');
INSERT INTO Card (CardName, CardImageURL, CardTypeName, CardOriginName, CardElementName, CardRarityName) VALUES ('Return of the Dragon Lords', 'https://res.cloudinary.com/dslzbnfu8/image/upload/v1697286649/samples/YuGiOhCardStorage/6853254_apr6ax.jpg', 'Spell', NULL, NULL, 'SR');
INSERT INTO Card (CardName, CardImageURL, CardTypeName, CardOriginName, CardElementName, CardRarityName) VALUES ('Polymerization', 'https://res.cloudinary.com/dslzbnfu8/image/upload/v1697286782/samples/YuGiOhCardStorage/24094653_ly0ilp.jpg', 'Spell', NULL, NULL, 'N');
INSERT INTO Card (CardName, CardImageURL, CardTypeName, CardOriginName, CardElementName, CardRarityName) VALUES ('Trade-In', 'https://res.cloudinary.com/dslzbnfu8/image/upload/v1697286814/samples/YuGiOhCardStorage/38120068_jhyncn.jpg', 'Spell', NULL, NULL, 'UR');
INSERT INTO Card (CardName, CardImageURL, CardTypeName, CardOriginName, CardElementName, CardRarityName) VALUES ('Cards of Consonance', 'https://res.cloudinary.com/dslzbnfu8/image/upload/v1697286839/samples/YuGiOhCardStorage/39701395_hk1vxm.jpg', 'Spell', NULL, NULL, 'SR');
INSERT INTO Card (CardName, CardImageURL, CardTypeName, CardOriginName, CardElementName, CardRarityName) VALUES ('Dragon Shrine', 'https://res.cloudinary.com/dslzbnfu8/image/upload/v1697286877/samples/YuGiOhCardStorage/41620959_d5avqz.jpg', 'Spell', NULL, NULL, 'SR');
INSERT INTO Card (CardName, CardImageURL, CardTypeName, CardOriginName, CardElementName, CardRarityName) VALUES ('The Melody of Awakening Dragon', 'https://res.cloudinary.com/dslzbnfu8/image/upload/v1697286913/samples/YuGiOhCardStorage/48800175_ubd8cu.jpg', 'Spell', NULL, NULL, 'UR');
INSERT INTO Card (CardName, CardImageURL, CardTypeName, CardOriginName, CardElementName, CardRarityName) VALUES ('Mystical Space Typhoon', 'https://res.cloudinary.com/dslzbnfu8/image/upload/v1697286948/samples/YuGiOhCardStorage/5318639_eaiuqx.jpg', 'Spell', NULL, NULL, 'R');
INSERT INTO Card (CardName, CardImageURL, CardTypeName, CardOriginName, CardElementName, CardRarityName) VALUES ('Silver''s Cry', 'https://res.cloudinary.com/dslzbnfu8/image/upload/v1697286978/samples/YuGiOhCardStorage/87025064_ok6rm9.jpg', 'Spell', NULL, NULL, 'SR');
INSERT INTO Card (CardName, CardImageURL, CardTypeName, CardOriginName, CardElementName, CardRarityName) VALUES ('Blue-Eyes Alternative Ultimate Dragon', 'https://res.cloudinary.com/dslzbnfu8/image/upload/v1697287005/samples/YuGiOhCardStorage/43228023_l3gooy.jpg', 'Fusion', 'Dragon', 'Light', 'UR');
INSERT INTO Card (CardName, CardImageURL, CardTypeName, CardOriginName, CardElementName, CardRarityName) VALUES ('Neo Blue-Eyes Ultimate Dragon', 'https://res.cloudinary.com/dslzbnfu8/image/upload/v1697287024/samples/YuGiOhCardStorage/56532353_ku2uzk.jpg', 'Fusion', 'Dragon', 'Light', 'SR');
INSERT INTO Card (CardName, CardImageURL, CardTypeName, CardOriginName, CardElementName, CardRarityName) VALUES ('Blue-Eyes Twin Burst Dragon', 'https://res.cloudinary.com/dslzbnfu8/image/upload/v1697287061/samples/YuGiOhCardStorage/2129638_ziygs7.jpg', 'Fusion', 'Dragon', 'Light', 'SR');
INSERT INTO Card (CardName, CardImageURL, CardTypeName, CardOriginName, CardElementName, CardRarityName) VALUES ('Azure-Eyes Silver Dragon', 'https://res.cloudinary.com/dslzbnfu8/image/upload/v1697287092/samples/YuGiOhCardStorage/40908371_m095nc.jpg', 'Synchro', 'Dragon', 'Light', 'SR');
INSERT INTO Card (CardName, CardImageURL, CardTypeName, CardOriginName, CardElementName, CardRarityName) VALUES ('Blue-Eyes Spirit Dragon', 'https://res.cloudinary.com/dslzbnfu8/image/upload/v1697287121/samples/YuGiOhCardStorage/59822133_rbw8gi.jpg', 'Synchro', 'Dragon', 'Light', 'UR');
INSERT INTO Card (CardName, CardImageURL, CardTypeName, CardOriginName, CardElementName, CardRarityName) VALUES ('Shooting Riser Dragon', 'https://res.cloudinary.com/dslzbnfu8/image/upload/v1697287151/samples/YuGiOhCardStorage/68431965_lcehrl.jpg', 'Synchro', 'Dragon', 'Light', 'SR');
INSERT INTO Card (CardName, CardImageURL, CardTypeName, CardOriginName, CardElementName, CardRarityName) VALUES ('Galaxy-Eyes Cipher Blade Dragon', 'https://res.cloudinary.com/dslzbnfu8/image/upload/v1697287181/samples/YuGiOhCardStorage/2530830_nhjzrz.jpg', 'XYZ', 'Dragon', 'Light', 'UR');
INSERT INTO Card (CardName, CardImageURL, CardTypeName, CardOriginName, CardElementName, CardRarityName) VALUES ('Galaxy-Eyes Full Armor Photon Dragon', 'https://res.cloudinary.com/dslzbnfu8/image/upload/v1697287208/samples/YuGiOhCardStorage/39030163_w7mzej.jpg', 'XYZ', 'Dragon', 'Light', 'UR');
INSERT INTO Card (CardName, CardImageURL, CardTypeName, CardOriginName, CardElementName, CardRarityName) VALUES ('Galaxy-Eyes Cipher Dragon', 'https://res.cloudinary.com/dslzbnfu8/image/upload/v1697287256/samples/YuGiOhCardStorage/18963306_csmh8v.jpg', 'XYZ', 'Dragon', 'Light', 'SR');
INSERT INTO Card (CardName, CardImageURL, CardTypeName, CardOriginName, CardElementName, CardRarityName) VALUES ('Number 38: Hope Harbinger Dragon Titanic Galaxy', 'https://res.cloudinary.com/dslzbnfu8/image/upload/v1697287282/samples/YuGiOhCardStorage/63767246_luhiuj.jpg', 'XYZ', 'Dragon', 'Light', 'UR');
INSERT INTO Card (CardName, CardImageURL, CardTypeName, CardOriginName, CardElementName, CardRarityName) VALUES ('Linkuriboh', 'https://res.cloudinary.com/dslzbnfu8/image/upload/v1697287306/samples/YuGiOhCardStorage/41999284_om815o.jpg', 'Link', 'Cyberse', 'Dark', 'UR');
INSERT INTO Card (CardName, CardImageURL, CardTypeName, CardOriginName, CardElementName, CardRarityName) VALUES ('Tearlaments Havnis', 'https://res.cloudinary.com/dslzbnfu8/image/upload/v1697283610/samples/YuGiOhCardStorage/37961969_r39akl.jpg', 'Normal', 'Aqua', 'Dark', 'N');
INSERT INTO Card (CardName, CardImageURL, CardTypeName, CardOriginName, CardElementName, CardRarityName) VALUES ('Fairy Tail - Snow', 'https://res.cloudinary.com/dslzbnfu8/image/upload/v1697283629/samples/YuGiOhCardStorage/55623480_dup2yn.jpg', 'Normal', 'Spellcaster', 'Light', 'UR');
INSERT INTO Card (CardName, CardImageURL, CardTypeName, CardOriginName, CardElementName, CardRarityName) VALUES ('Tearlaments Reinoheart', 'https://res.cloudinary.com/dslzbnfu8/image/upload/v1697283656/samples/YuGiOhCardStorage/73956664_u6igum.jpg', 'Normal', 'Warrior', 'Water', 'UR');
INSERT INTO Card (CardName, CardImageURL, CardTypeName, CardOriginName, CardElementName, CardRarityName) VALUES ('Tearlaments Scheiren', 'https://res.cloudinary.com/dslzbnfu8/image/upload/v1697283677/samples/YuGiOhCardStorage/572850_n56sdf.jpg', 'Normal', 'Aqua', 'Dark', 'UR');
INSERT INTO Card (CardName, CardImageURL, CardTypeName, CardOriginName, CardElementName, CardRarityName) VALUES ('Keldo the Sacred Protector', 'https://res.cloudinary.com/dslzbnfu8/image/upload/v1697283697/samples/YuGiOhCardStorage/63542003_wwvqoj.jpg', 'Normal', 'Fairy', 'Earth', 'UR');
INSERT INTO Card (CardName, CardImageURL, CardTypeName, CardOriginName, CardElementName, CardRarityName) VALUES ('Tearlaments Merrli', 'https://res.cloudinary.com/dslzbnfu8/image/upload/v1697283721/samples/YuGiOhCardStorage/74078255_xg5zjj.jpg', 'Normal', 'Aqua', 'Dark', 'N');
INSERT INTO Card (CardName, CardImageURL, CardTypeName, CardOriginName, CardElementName, CardRarityName) VALUES ('Tearlaments Kashtira', 'https://res.cloudinary.com/dslzbnfu8/image/upload/v1697283750/samples/YuGiOhCardStorage/4928565_c2z9gh.jpg', 'Normal', 'Psychic', 'Water', 'SR');
INSERT INTO Card (CardName, CardImageURL, CardTypeName, CardOriginName, CardElementName, CardRarityName) VALUES ('Primeval Planet Perlereino', 'https://res.cloudinary.com/dslzbnfu8/image/upload/v1697283771/samples/YuGiOhCardStorage/77103950_hfxczk.jpg', 'Spell', NULL, NULL, 'UR');
INSERT INTO Card (CardName, CardImageURL, CardTypeName, CardOriginName, CardElementName, CardRarityName) VALUES ('Tearlaments Scream', 'https://res.cloudinary.com/dslzbnfu8/image/upload/v1697283794/samples/YuGiOhCardStorage/6767771_ehq4c3.jpg', 'Spell', NULL, NULL, 'UR');
INSERT INTO Card (CardName, CardImageURL, CardTypeName, CardOriginName, CardElementName, CardRarityName) VALUES ('Tearlaments Heartbeat', 'https://res.cloudinary.com/dslzbnfu8/image/upload/v1697283815/samples/YuGiOhCardStorage/60362066_t78xgu.jpg', 'Spell', NULL, NULL, 'R');
INSERT INTO Card (CardName, CardImageURL, CardTypeName, CardOriginName, CardElementName, CardRarityName) VALUES ('Tearlaments Sulliek', 'https://res.cloudinary.com/dslzbnfu8/image/upload/v1697283909/samples/YuGiOhCardStorage/74920585_go69vz.jpg', 'Trap', NULL, NULL, 'R');
INSERT INTO Card (CardName, CardImageURL, CardTypeName, CardOriginName, CardElementName, CardRarityName) VALUES ('Tearlaments Cryme', 'https://res.cloudinary.com/dslzbnfu8/image/upload/v1697283994/samples/YuGiOhCardStorage/1329620_encn0w.jpg', 'Trap', NULL, NULL, 'N');
INSERT INTO Card (CardName, CardImageURL, CardTypeName, CardOriginName, CardElementName, CardRarityName) VALUES ('Crossout Designator', 'https://res.cloudinary.com/dslzbnfu8/image/upload/v1697284017/samples/YuGiOhCardStorage/65681983_fx4thq.jpg', 'Spell', NULL, NULL, 'UR');
INSERT INTO Card (CardName, CardImageURL, CardTypeName, CardOriginName, CardElementName, CardRarityName) VALUES ('Tearlaments Metanoise', 'https://res.cloudinary.com/dslzbnfu8/image/upload/v1697284066/samples/YuGiOhCardStorage/38436986_udfsth.jpg', 'Trap', NULL, NULL, 'N');
INSERT INTO Card (CardName, CardImageURL, CardTypeName, CardOriginName, CardElementName, CardRarityName) VALUES ('Tearlaments Grief', 'https://res.cloudinary.com/dslzbnfu8/image/upload/v1697284101/samples/YuGiOhCardStorage/33878367_zmxfn8.jpg', 'Spell', NULL, NULL, 'R');
INSERT INTO Card (CardName, CardImageURL, CardTypeName, CardOriginName, CardElementName, CardRarityName) VALUES ('Tearlaments Perlegia', 'https://res.cloudinary.com/dslzbnfu8/image/upload/v1697284134/samples/YuGiOhCardStorage/34225426_ocgqbc.jpg', 'Spell', NULL, NULL, 'N');
INSERT INTO Card (CardName, CardImageURL, CardTypeName, CardOriginName, CardElementName, CardRarityName) VALUES ('Tearlaments Kitkallos', 'https://res.cloudinary.com/dslzbnfu8/image/upload/v1697284169/samples/YuGiOhCardStorage/92731385_ogc4xv.jpg', 'Fusion', 'Aqua', 'Dark', 'SR');
INSERT INTO Card (CardName, CardImageURL, CardTypeName, CardOriginName, CardElementName, CardRarityName) VALUES ('Tearlaments Rulkallos', 'https://res.cloudinary.com/dslzbnfu8/image/upload/v1697284185/samples/YuGiOhCardStorage/84330567_kck3ni.jpg', 'Fusion', 'Aqua', 'Water', 'UR');
INSERT INTO Card (CardName, CardImageURL, CardTypeName, CardOriginName, CardElementName, CardRarityName) VALUES ('Tearlaments Kaleido-Heart', 'https://res.cloudinary.com/dslzbnfu8/image/upload/v1697284221/samples/YuGiOhCardStorage/28226490_nxdvyz.jpg', 'Fusion', 'Fiend', 'Dark', 'UR');
INSERT INTO Card (CardName, CardImageURL, CardTypeName, CardOriginName, CardElementName, CardRarityName) VALUES ('Sky Striker Ace - Raye', 'https://res.cloudinary.com/dslzbnfu8/image/upload/v1697284257/samples/YuGiOhCardStorage/26077387_vc9urw.jpg', 'Normal', 'Warrior', 'Dark', 'R');
INSERT INTO Card (CardName, CardImageURL, CardTypeName, CardOriginName, CardElementName, CardRarityName) VALUES ('Sky Striker Ace - Roze', 'https://res.cloudinary.com/dslzbnfu8/image/upload/v1697284289/samples/YuGiOhCardStorage/37351133_nxgzyo.jpg', 'Normal', 'Warrior', 'Light', 'R');
INSERT INTO Card (CardName, CardImageURL, CardTypeName, CardOriginName, CardElementName, CardRarityName) VALUES ('Dark Hole', 'https://res.cloudinary.com/dslzbnfu8/image/upload/v1697284322/samples/YuGiOhCardStorage/53129443_iggiym.jpg', 'Spell', NULL, NULL, 'SR');
INSERT INTO Card (CardName, CardImageURL, CardTypeName, CardOriginName, CardElementName, CardRarityName) VALUES ('Raigeki', 'https://res.cloudinary.com/dslzbnfu8/image/upload/v1697284416/samples/YuGiOhCardStorage/12580477_xwkgr8.jpg', 'Spell', NULL, NULL, 'UR');
INSERT INTO Card (CardName, CardImageURL, CardTypeName, CardOriginName, CardElementName, CardRarityName) VALUES ('Sky Striker Maneuver - Afterburners!', 'https://res.cloudinary.com/dslzbnfu8/image/upload/v1697284450/samples/YuGiOhCardStorage/99550630_c34i2h.jpg', 'Spell', NULL, NULL, 'R');
INSERT INTO Card (CardName, CardImageURL, CardTypeName, CardOriginName, CardElementName, CardRarityName) VALUES ('Sky Striker Mobilize - Engage!', 'https://res.cloudinary.com/dslzbnfu8/image/upload/v1697284475/samples/YuGiOhCardStorage/63166095_fwog6z.jpg', 'Spell', NULL, NULL, 'UR');
INSERT INTO Card (CardName, CardImageURL, CardTypeName, CardOriginName, CardElementName, CardRarityName) VALUES ('Herald of the Abyss', 'https://res.cloudinary.com/dslzbnfu8/image/upload/v1697284508/samples/YuGiOhCardStorage/94016752_ao4p0r.jpg', 'Spell', NULL, NULL, 'SR');
INSERT INTO Card (CardName, CardImageURL, CardTypeName, CardOriginName, CardElementName, CardRarityName) VALUES ('Lightning Storm', 'https://res.cloudinary.com/dslzbnfu8/image/upload/v1697284542/samples/YuGiOhCardStorage/14532163_nltf6g.jpg', 'Spell', NULL, NULL, 'UR');
INSERT INTO Card (CardName, CardImageURL, CardTypeName, CardOriginName, CardElementName, CardRarityName) VALUES ('Sky Striker Mecha Modules - Multirole', 'https://res.cloudinary.com/dslzbnfu8/image/upload/v1697284585/samples/YuGiOhCardStorage/24010609_ing8sw.jpg', 'Spell', NULL, NULL, 'R');
INSERT INTO Card (CardName, CardImageURL, CardTypeName, CardOriginName, CardElementName, CardRarityName) VALUES ('Sky Striker Mecha - Hornet Drones', 'https://res.cloudinary.com/dslzbnfu8/image/upload/v1697284615/samples/YuGiOhCardStorage/52340444_m3970u.jpg', 'Spell', NULL, NULL, 'SR');
INSERT INTO Card (CardName, CardImageURL, CardTypeName, CardOriginName, CardElementName, CardRarityName) VALUES ('Sky Striker Mecha - Widow Anchor', 'https://res.cloudinary.com/dslzbnfu8/image/upload/v1697284639/samples/YuGiOhCardStorage/98338152_oqn55x.jpg', 'Spell', NULL, NULL, 'SR');
INSERT INTO Card (CardName, CardImageURL, CardTypeName, CardOriginName, CardElementName, CardRarityName) VALUES ('Sky Striker Mobilize - Linkage!', 'https://res.cloudinary.com/dslzbnfu8/image/upload/v1697284675/samples/YuGiOhCardStorage/9726840_czmpcu.jpg', 'Spell', NULL, NULL, 'UR');
INSERT INTO Card (CardName, CardImageURL, CardTypeName, CardOriginName, CardElementName, CardRarityName) VALUES ('Sky Striker Ace - Kagari', 'https://res.cloudinary.com/dslzbnfu8/image/upload/v1697284792/samples/YuGiOhCardStorage/63288573_ikmkip.jpg', 'Link', 'Machine', 'Fire', 'UR');
INSERT INTO Card (CardName, CardImageURL, CardTypeName, CardOriginName, CardElementName, CardRarityName) VALUES ('Sky Striker Ace - Shizuku', 'https://res.cloudinary.com/dslzbnfu8/image/upload/v1697284814/samples/YuGiOhCardStorage/90673288_gpdcre.jpg', 'Link', 'Machine', 'Water', 'SR');
INSERT INTO Card (CardName, CardImageURL, CardTypeName, CardOriginName, CardElementName, CardRarityName) VALUES ('Sky Striker Ace - Hayate', 'https://res.cloudinary.com/dslzbnfu8/image/upload/v1697284844/samples/YuGiOhCardStorage/8491308_ph14an.jpg', 'Link', 'Machine', 'Wind', 'R');
INSERT INTO Card (CardName, CardImageURL, CardTypeName, CardOriginName, CardElementName, CardRarityName) VALUES ('Sky Striker Ace - Kaina', 'https://res.cloudinary.com/dslzbnfu8/image/upload/v1697284867/samples/YuGiOhCardStorage/12421694_lwjrp2.jpg', 'Link', 'Machine', 'Earth', 'R');
INSERT INTO Card (CardName, CardImageURL, CardTypeName, CardOriginName, CardElementName, CardRarityName) VALUES ('Sky Striker Ace - Zeke', 'https://res.cloudinary.com/dslzbnfu8/image/upload/v1697284887/samples/YuGiOhCardStorage/75147529_rvfkgs.jpg', 'Link', 'Machine', 'Dark', 'SR');
INSERT INTO Card (CardName, CardImageURL, CardTypeName, CardOriginName, CardElementName, CardRarityName) VALUES ('Sky Striker Ace - Azalea', 'https://res.cloudinary.com/dslzbnfu8/image/upload/v1697284910/samples/YuGiOhCardStorage/98462037_e4i109.jpg', 'Link', 'Machine', 'Dark', 'UR');
INSERT INTO Card (CardName, CardImageURL, CardTypeName, CardOriginName, CardElementName, CardRarityName) VALUES ('Accesscode Talker', 'https://res.cloudinary.com/dslzbnfu8/image/upload/v1697284937/samples/YuGiOhCardStorage/86066372_mxiavj.jpg', 'Link', 'Cyberse', 'Dark', 'UR');
INSERT INTO Card (CardName, CardImageURL, CardTypeName, CardOriginName, CardElementName, CardRarityName) VALUES ('Obelisk the Tormentor', 'https://res.cloudinary.com/dslzbnfu8/image/upload/v1697285060/samples/YuGiOhCardStorage/10000000_am2hc6.jpg', 'Normal', 'Divine-Beast', 'Divine', 'UR');
INSERT INTO Card (CardName, CardImageURL, CardTypeName, CardOriginName, CardElementName, CardRarityName) VALUES ('Slifer the Sky Dragon', 'https://res.cloudinary.com/dslzbnfu8/image/upload/v1697285098/samples/YuGiOhCardStorage/10000020_x5ifff.jpg', 'Normal', 'Divine-Beast', 'Divine', 'UR');
INSERT INTO Card (CardName, CardImageURL, CardTypeName, CardOriginName, CardElementName, CardRarityName) VALUES ('The Winged Dragon of Ra', 'https://res.cloudinary.com/dslzbnfu8/image/upload/v1697285169/samples/YuGiOhCardStorage/10000010_hxwbys.jpg', 'Normal', 'Divine-Beast', 'Divine', 'UR');
INSERT INTO Card (CardName, CardImageURL, CardTypeName, CardOriginName, CardElementName, CardRarityName) VALUES ('The Winged Dragon of Ra - Immortal Phoenix', 'https://res.cloudinary.com/dslzbnfu8/image/upload/v1697285205/samples/YuGiOhCardStorage/10000090_xv0cig.jpg', 'Normal', 'Divine-Beast', 'Divine', 'UR');
INSERT INTO Card (CardName, CardImageURL, CardTypeName, CardOriginName, CardElementName, CardRarityName) VALUES ('The Winged Dragon of Ra - Sphere Mode', 'https://res.cloudinary.com/dslzbnfu8/image/upload/v1697285234/samples/YuGiOhCardStorage/10000080_jj75xc.jpg', 'Normal', 'Divine-Beast', 'Divine', 'UR');
INSERT INTO Card (CardName, CardImageURL, CardTypeName, CardOriginName, CardElementName, CardRarityName) VALUES ('Exodia the Forbidden One', 'https://res.cloudinary.com/dslzbnfu8/image/upload/v1697285273/samples/YuGiOhCardStorage/33396948_kybcmc.jpg', 'Normal', 'Spellcaster', 'Dark', 'SR');
INSERT INTO Card (CardName, CardImageURL, CardTypeName, CardOriginName, CardElementName, CardRarityName) VALUES ('Left Arm of the Forbidden One', 'https://res.cloudinary.com/dslzbnfu8/image/upload/v1697285307/samples/YuGiOhCardStorage/7902349_mw06qs.jpg', 'Normal', 'Spellcaster', 'Dark', 'N');
INSERT INTO Card (CardName, CardImageURL, CardTypeName, CardOriginName, CardElementName, CardRarityName) VALUES ('Left Leg of the Forbidden One', 'https://res.cloudinary.com/dslzbnfu8/image/upload/v1697285335/samples/YuGiOhCardStorage/44519536_qbnnoj.jpg', 'Normal', 'Spellcaster', 'Dark', 'N');
INSERT INTO Card (CardName, CardImageURL, CardTypeName, CardOriginName, CardElementName, CardRarityName) VALUES ('Right Arm of the Forbidden One', 'https://res.cloudinary.com/dslzbnfu8/image/upload/v1697285370/samples/YuGiOhCardStorage/70903634_mgiegc.jpg', 'Normal', 'Spellcaster', 'Dark', 'N');
INSERT INTO Card (CardName, CardImageURL, CardTypeName, CardOriginName, CardElementName, CardRarityName) VALUES ('Right Leg of the Forbidden One', 'https://res.cloudinary.com/dslzbnfu8/image/upload/v1697285392/samples/YuGiOhCardStorage/8124921_jcsinw.jpg', 'Normal', 'Spellcaster', 'Dark', 'N');
INSERT INTO Card (CardName, CardImageURL, CardTypeName, CardOriginName, CardElementName, CardRarityName) VALUES ('EvilTwins Ki-sikil & Lil-la', 'https://res.cloudinary.com/dslzbnfu8/image/upload/v1697287361/samples/YuGiOhCardStorage/62098216_hq6e9c.jpg', 'Normal', 'Fiend', 'Dark', 'UR');
